author,commit_count,lines,value,added_lines_py,deleted_lines_py,added_functions,added_classes,added_comment,added_code_lines,deleted_code_lines,var_names_style_stat,fun_names_style_stat,class_names_style_stat,dmm_score
8bitmp3,1,0.0,0.0,0,0,0,0,0,0,0.0,"[0, 0, 0, 0, 0, 0, 0, 0]","[0, 0, 0, 0, 0, 0, 0, 0]","[0, 0, 0, 0, 0, 0, 0, 0]",0.0
Aaron Meurer,170,0.0,746.89,7184,2849,21,1,636,6573,2578.0,"[27, 0, 7, 0, 12, 0, 145, 0]","[0, 0, 0, 0, 13, 0, 8, 0]","[0, 0, 1, 0, 0, 0, 0, 0]",147.03991684908618
Abhay Raghuvanshi,5,0.0,2.54,23,23,0,0,0,23,23.0,"[0, 0, 0, 0, 0, 0, 1, 0]","[0, 0, 0, 0, 0, 0, 0, 0]","[0, 0, 0, 0, 0, 0, 0, 0]",0.0
Abhinav Reddy,1,0.0,0.5,5,0,0,0,0,5,0.0,"[0, 0, 0, 0, 0, 0, 1, 0]","[0, 0, 0, 0, 0, 0, 0, 0]","[0, 0, 0, 0, 0, 0, 0, 0]",2.6
Abhishek Singh,1,0.0,0.11,1,1,0,0,0,1,1.0,"[0, 0, 0, 0, 0, 0, 0, 0]","[0, 0, 0, 0, 0, 0, 0, 0]","[0, 0, 0, 0, 0, 0, 0, 0]",0.0
Adam,1,0.0,2.63,26,3,0,0,0,26,3.0,"[0, 0, 0, 0, 0, 0, 1, 0]","[0, 0, 0, 0, 0, 0, 0, 0]","[0, 0, 0, 0, 0, 0, 0, 0]",2.0
Adrian Gao,1,0.0,0.0,0,0,0,0,0,0,0.0,"[0, 0, 0, 0, 0, 0, 0, 0]","[0, 0, 0, 0, 0, 0, 0, 0]","[0, 0, 0, 0, 0, 0, 0, 0]",0.0
Adrian Price-Whelan,1,0.0,0.0,0,0,0,0,0,0,0.0,"[0, 0, 0, 0, 0, 0, 0, 0]","[0, 0, 0, 0, 0, 0, 0, 0]","[0, 0, 0, 0, 0, 0, 0, 0]",0.0
Aerysv,1,0.0,0.11,1,1,0,0,0,1,1.0,"[0, 0, 0, 0, 0, 0, 0, 0]","[0, 0, 0, 0, 0, 0, 0, 0]","[0, 0, 0, 0, 0, 0, 0, 0]",0.0
Agbonze Osazuwa,1,0.0,0.0,0,0,0,0,0,0,0.0,"[0, 0, 0, 0, 0, 0, 0, 0]","[0, 0, 0, 0, 0, 0, 0, 0]","[0, 0, 0, 0, 0, 0, 0, 0]",0.0
Ahmet Can Solak,2,0.0,0.42000000000000004,4,2,0,0,0,4,2.0,"[0, 0, 0, 0, 0, 0, 0, 0]","[0, 0, 0, 0, 0, 0, 0, 0]","[0, 0, 0, 0, 0, 0, 0, 0]",0.0
AhmetCanSolak,1,0.0,0.22,2,2,0,0,2,2,0.0,"[0, 0, 0, 0, 0, 0, 0, 0]","[0, 0, 0, 0, 0, 0, 0, 0]","[0, 0, 0, 0, 0, 0, 0, 0]",0.0
Aitik Gupta,7,0.0,3.8800000000000003,37,18,0,0,4,33,18.0,"[4, 0, 0, 0, 4, 0, 0, 0]","[0, 0, 0, 0, 0, 0, 0, 0]","[0, 0, 0, 0, 0, 0, 0, 0]",9.823529411764707
Al-Baraa El-Hag,1,0.0,0.11,1,1,0,0,0,1,1.0,"[0, 0, 0, 0, 0, 0, 0, 0]","[0, 0, 0, 0, 0, 0, 0, 0]","[0, 0, 0, 0, 0, 0, 0, 0]",0.0
Alban Colley,1,0.0,0.0,0,0,0,0,0,0,0.0,"[0, 0, 0, 0, 0, 0, 0, 0]","[0, 0, 0, 0, 0, 0, 0, 0]","[0, 0, 0, 0, 0, 0, 0, 0]",0.0
Albert Villanova del Moral,2,0.0,17.59,168,79,0,0,1,167,78.0,"[0, 0, 0, 0, 0, 0, 0, 0]","[0, 0, 0, 0, 0, 0, 0, 0]","[0, 0, 0, 0, 0, 0, 0, 0]",0.0
Alessia Marcolini,3,0.0,3.36,26,76,0,0,0,26,74.0,"[0, 0, 0, 0, 0, 0, 0, 0]","[0, 0, 0, 0, 0, 0, 0, 0]","[0, 0, 0, 0, 0, 0, 0, 0]",5.6
Alex,9,0.0,6.330000000000001,60,33,0,0,12,48,29.0,"[0, 0, 0, 0, 0, 0, 5, 0]","[0, 0, 0, 0, 0, 0, 0, 0]","[0, 0, 0, 0, 0, 0, 0, 0]",3.2857142857142856
Alex Henrie,5,0.0,0.0,0,0,0,0,0,0,0.0,"[0, 0, 0, 0, 0, 0, 0, 0]","[0, 0, 0, 0, 0, 0, 0, 0]","[0, 0, 0, 0, 0, 0, 0, 0]",3.0
Alex Leontiev,1,0.0,0.44,4,4,0,0,0,4,4.0,"[0, 0, 0, 0, 0, 0, 0, 0]","[0, 0, 0, 0, 0, 0, 0, 0]","[0, 0, 0, 0, 0, 0, 0, 0]",0.0
Alex Rogozhnikov,1,0.0,1.1,11,0,0,0,0,11,0.0,"[0, 0, 0, 0, 0, 0, 0, 0]","[0, 0, 0, 0, 0, 0, 0, 0]","[0, 0, 0, 0, 0, 0, 0, 0]",0.0
Alexander Belopolsky,1,0.0,1.7000000000000002,17,0,0,0,2,15,0.0,"[1, 0, 0, 0, 1, 0, 0, 0]","[0, 0, 0, 0, 0, 0, 0, 0]","[0, 0, 0, 0, 0, 0, 0, 0]",2.0
Alexander Hunt,6,0.0,0.1,1,0,0,0,0,1,0.0,"[0, 0, 0, 0, 0, 0, 0, 0]","[0, 0, 0, 0, 0, 0, 0, 0]","[0, 0, 0, 0, 0, 0, 0, 0]",0.0
Alexander Kuhn-Regnier,1,0.0,0.0,0,0,0,0,0,0,0.0,"[0, 0, 0, 0, 0, 0, 0, 0]","[0, 0, 0, 0, 0, 0, 0, 0]","[0, 0, 0, 0, 0, 0, 0, 0]",0.0
Alexandre de Siqueira,2,0.0,0.0,0,0,0,0,0,0,0.0,"[0, 0, 0, 0, 0, 0, 0, 0]","[0, 0, 0, 0, 0, 0, 0, 0]","[0, 0, 0, 0, 0, 0, 0, 0]",0.0
Allan Haldane,6,0.0,14.420000000000002,141,32,1,0,18,123,30.0,"[2, 0, 0, 0, 2, 0, 3, 0]","[0, 0, 0, 0, 1, 0, 0, 0]","[0, 0, 0, 0, 0, 0, 0, 0]",4.46218487394958
Allen Downey,2,0.0,1.52,15,2,0,0,1,15,2.0,"[0, 0, 0, 0, 0, 0, 0, 0]","[0, 0, 0, 0, 0, 0, 0, 0]","[0, 0, 0, 0, 0, 0, 0, 0]",0.0
Amarnath1904,1,0.0,0.33000000000000007,3,3,0,0,0,3,3.0,"[0, 0, 0, 0, 0, 0, 0, 0]","[0, 0, 0, 0, 0, 0, 0, 0]","[0, 0, 0, 0, 0, 0, 0, 0]",0.0
Amit Kumar,1,0.0,1.1,11,0,1,0,0,11,0.0,"[1, 0, 0, 0, 0, 0, 0, 0]","[0, 0, 0, 0, 1, 0, 0, 0]","[0, 0, 0, 0, 0, 0, 0, 0]",3.0
Amrit,1,0.0,0.0,0,0,0,0,0,0,0.0,"[0, 0, 0, 0, 0, 0, 0, 0]","[0, 0, 0, 0, 0, 0, 0, 0]","[0, 0, 0, 0, 0, 0, 0, 0]",0.0
Amrit K,2,0.0,0.0,0,0,0,0,0,0,0.0,"[0, 0, 0, 0, 0, 0, 0, 0]","[0, 0, 0, 0, 0, 0, 0, 0]","[0, 0, 0, 0, 0, 0, 0, 0]",0.0
Amrit Krishnan,1,0.0,2.51,25,1,0,0,1,25,1.0,"[0, 0, 0, 0, 0, 0, 0, 0]","[0, 0, 0, 0, 0, 0, 0, 0]","[0, 0, 0, 0, 0, 0, 0, 0]",0.0
Andras Deak,5,0.0,1.81,17,11,0,0,0,17,11.0,"[0, 0, 0, 0, 0, 0, 0, 0]","[0, 0, 0, 0, 0, 0, 0, 0]","[0, 0, 0, 0, 0, 0, 0, 0]",0.0
Andrei Batomunkuev,3,0.0,1.1400000000000001,11,4,0,0,0,11,4.0,"[0, 0, 0, 0, 0, 0, 2, 0]","[0, 0, 0, 0, 0, 0, 0, 0]","[0, 0, 0, 0, 0, 0, 0, 0]",1.0
Andrei Shirobokov,1,0.0,0.0,0,0,0,0,0,0,0.0,"[0, 0, 0, 0, 0, 0, 0, 0]","[0, 0, 0, 0, 0, 0, 0, 0]","[0, 0, 0, 0, 0, 0, 0, 0]",0.0
Andrew Eckart,1,0.0,6.36,63,6,0,0,12,51,6.0,"[3, 0, 0, 0, 0, 0, 17, 0]","[0, 0, 0, 0, 0, 0, 0, 0]","[0, 0, 0, 0, 0, 0, 0, 0]",3.0
Andrew Watson,3,0.0,0.55,5,5,0,0,0,5,5.0,"[0, 0, 0, 0, 0, 0, 0, 0]","[0, 0, 0, 0, 0, 0, 0, 0]","[0, 0, 0, 0, 0, 0, 0, 0]",0.0
André Elimelek de Weber,1,0.0,1.5100000000000002,14,11,0,0,0,14,11.0,"[0, 0, 0, 0, 0, 0, 0, 0]","[0, 0, 0, 0, 0, 0, 0, 0]","[0, 0, 0, 0, 0, 0, 0, 0]",3.0
AngelGris,3,0.0,6.34,61,24,0,0,10,51,20.0,"[2, 0, 0, 0, 0, 0, 23, 0]","[0, 0, 0, 0, 0, 0, 0, 0]","[0, 0, 0, 0, 0, 0, 0, 0]",5.0
Anirudh Dagar,1,0.0,0.05,0,5,0,0,0,0,4.0,"[0, 0, 0, 0, 0, 0, 0, 0]","[0, 0, 0, 0, 0, 0, 0, 0]","[0, 0, 0, 0, 0, 0, 0, 0]",0.0
Anirudh Subramanian,24,0.0,36.910000000000004,355,141,0,1,20,336,139.0,"[6, 0, 0, 0, 2, 0, 60, 0]","[0, 0, 0, 0, 0, 0, 0, 0]","[0, 0, 1, 0, 0, 0, 0, 0]",22.853140096618358
Ankit Dwivedi,6,0.0,4.6000000000000005,45,10,0,0,2,43,9.0,"[0, 0, 0, 0, 2, 0, 10, 0]","[0, 0, 0, 0, 0, 0, 0, 0]","[0, 0, 0, 0, 0, 0, 0, 0]",7.5
Anne Archibald,2,0.0,8.1,81,0,0,0,0,81,0.0,"[1, 0, 0, 0, 2, 0, 0, 0]","[0, 0, 0, 0, 0, 0, 0, 0]","[0, 0, 0, 0, 0, 0, 0, 0]",2.6136363636363638
Anne Bonner,1,0.0,3.2,32,0,0,0,2,32,0.0,"[0, 0, 0, 0, 0, 0, 0, 0]","[0, 0, 0, 0, 0, 0, 0, 0]","[0, 0, 0, 0, 0, 0, 0, 0]",0.0
Anthony,2,0.0,2.39,21,29,0,0,0,21,29.0,"[0, 0, 0, 0, 0, 0, 0, 0]","[0, 0, 0, 0, 0, 0, 0, 0]","[0, 0, 0, 0, 0, 0, 0, 0]",2.2727272727272725
Anthony Byuraev,1,0.0,8.01,80,1,0,0,0,80,1.0,"[0, 0, 0, 0, 0, 0, 0, 0]","[0, 0, 0, 0, 0, 0, 0, 0]","[0, 0, 0, 0, 0, 0, 0, 0]",0.0
Anthony Vo,6,0.0,1.6400000000000001,15,14,0,0,0,15,14.0,"[0, 0, 0, 0, 0, 0, 1, 0]","[0, 0, 0, 0, 0, 0, 0, 0]","[0, 0, 0, 0, 0, 0, 0, 0]",2.0
Anton Ritter-Gogerly,1,0.0,6.780000000000001,61,68,0,0,0,61,68.0,"[0, 0, 0, 0, 0, 0, 0, 0]","[0, 0, 0, 0, 0, 0, 0, 0]","[0, 0, 0, 0, 0, 0, 0, 0]",1.5714285714285712
Antonio Larrosa,1,0.0,2.2800000000000002,22,8,0,0,4,18,7.0,"[0, 0, 0, 0, 1, 0, 0, 0]","[0, 0, 0, 0, 0, 0, 0, 0]","[0, 0, 0, 0, 0, 0, 0, 0]",3.0
Antony Lee,23,0.0,49.580000000000005,457,388,5,0,53,421,364.0,"[3, 0, 0, 1, 10, 0, 19, 0]","[0, 0, 0, 0, 4, 0, 1, 0]","[0, 0, 0, 0, 0, 0, 0, 0]",16.666666666666668
Arryan Singh,1,0.0,0.01,0,1,0,0,0,0,1.0,"[0, 0, 0, 0, 0, 0, 0, 0]","[0, 0, 0, 0, 0, 0, 0, 0]","[0, 0, 0, 0, 0, 0, 0, 0]",0.0
Arun,3,0.0,8.41,83,11,0,0,4,79,11.0,"[12, 0, 0, 0, 0, 0, 2, 0]","[0, 0, 0, 0, 0, 0, 0, 0]","[0, 0, 0, 0, 0, 0, 0, 0]",2.0
Arushi Sharma,4,0.0,0.32,3,2,0,0,0,3,2.0,"[0, 0, 0, 0, 0, 0, 0, 0]","[0, 0, 0, 0, 0, 0, 0, 0]","[0, 0, 0, 0, 0, 0, 0, 0]",0.0
Ashutosh singh,1,0.0,0.22,2,2,0,0,0,2,2.0,"[0, 0, 0, 0, 0, 0, 0, 0]","[0, 0, 0, 0, 0, 0, 0, 0]","[0, 0, 0, 0, 0, 0, 0, 0]",0.0
Atharva-Vidwans,1,0.0,1.2000000000000002,12,0,0,0,0,12,0.0,"[0, 0, 0, 0, 0, 0, 0, 0]","[0, 0, 0, 0, 0, 0, 0, 0]","[0, 0, 0, 0, 0, 0, 0, 0]",0.0
Ayush Verma,4,0.0,0.0,0,0,0,0,0,0,0.0,"[0, 0, 0, 0, 0, 0, 0, 0]","[0, 0, 0, 0, 0, 0, 0, 0]","[0, 0, 0, 0, 0, 0, 0, 0]",0.0
Bas van Beek,655,0.0,1610.42,15596,5082,17,10,5286,15338,4984.0,"[44, 0, 71, 71, 76, 5, 212, 144]","[0, 0, 0, 0, 16, 0, 1, 0]","[0, 0, 9, 0, 0, 1, 0, 0]",252.4723406376678
Ben Derrett,1,0.0,0.0,0,0,0,0,0,0,0.0,"[0, 0, 0, 0, 0, 0, 0, 0]","[0, 0, 0, 0, 0, 0, 0, 0]","[0, 0, 0, 0, 0, 0, 0, 0]",0.0
Ben Elliston,1,0.0,0.1,1,0,0,0,0,1,0.0,"[0, 0, 0, 0, 0, 0, 0, 0]","[0, 0, 0, 0, 0, 0, 0, 0]","[0, 0, 0, 0, 0, 0, 0, 0]",0.0
Ben Nathanson,62,0.0,2.8400000000000003,24,14,0,0,0,24,14.0,"[0, 0, 0, 0, 0, 0, 0, 0]","[0, 0, 0, 0, 0, 0, 0, 0]","[0, 0, 0, 0, 0, 0, 0, 0]",0.0
Benjamin Trendelkamp-Schroer,1,0.0,2.5,25,0,0,0,2,24,0.0,"[0, 0, 0, 0, 2, 0, 8, 0]","[0, 0, 0, 0, 0, 0, 0, 0]","[0, 0, 0, 0, 0, 0, 0, 0]",3.0
Bharat Medasani,1,0.0,0.11,1,1,0,0,0,1,1.0,"[0, 0, 0, 0, 0, 0, 0, 0]","[0, 0, 0, 0, 0, 0, 0, 0]","[0, 0, 0, 0, 0, 0, 0, 0]",0.0
Bharat Raghunathan,9,0.0,3.2600000000000002,31,16,0,0,1,31,16.0,"[0, 0, 0, 0, 0, 0, 0, 0]","[0, 0, 0, 0, 0, 0, 0, 0]","[0, 0, 0, 0, 0, 0, 0, 0]",1.0
Bharat123rox,1,0.0,0.0,0,0,0,0,0,0,0.0,"[0, 0, 0, 0, 0, 0, 0, 0]","[0, 0, 0, 0, 0, 0, 0, 0]","[0, 0, 0, 0, 0, 0, 0, 0]",0.0
Bhargav v,1,0.0,2.4400000000000004,24,4,0,0,0,24,4.0,"[0, 0, 0, 0, 0, 0, 0, 0]","[0, 0, 0, 0, 0, 0, 0, 0]","[0, 0, 0, 0, 0, 0, 0, 0]",1.0
Bijesh Mohan,1,0.0,0.55,5,5,0,0,0,5,5.0,"[0, 0, 0, 0, 0, 0, 0, 0]","[0, 0, 0, 0, 0, 0, 0, 0]","[0, 0, 0, 0, 0, 0, 0, 0]",0.0
Bradley Dice,1,0.0,0.55,5,5,0,0,0,5,5.0,"[0, 0, 0, 0, 0, 0, 0, 0]","[0, 0, 0, 0, 0, 0, 0, 0]","[0, 0, 0, 0, 0, 0, 0, 0]",0.0
Brandon David,1,0.0,0.0,0,0,0,0,0,0,0.0,"[0, 0, 0, 0, 0, 0, 0, 0]","[0, 0, 0, 0, 0, 0, 0, 0]","[0, 0, 0, 0, 0, 0, 0, 0]",0.0
Brandt Bucher,5,0.0,2.43,24,3,0,0,4,22,3.0,"[4, 0, 0, 0, 0, 0, 0, 0]","[0, 0, 0, 0, 0, 0, 0, 0]","[0, 0, 0, 0, 0, 0, 0, 0]",11.11111111111111
Brian Soto,1,0.0,0.4,4,0,0,0,0,4,0.0,"[0, 0, 0, 0, 0, 0, 0, 0]","[0, 0, 0, 0, 0, 0, 0, 0]","[0, 0, 0, 0, 0, 0, 0, 0]",0.0
Brian Wignall,2,0.0,2.5300000000000002,23,23,0,0,13,10,10.0,"[0, 0, 0, 0, 0, 0, 0, 0]","[0, 0, 0, 0, 0, 0, 0, 0]","[0, 0, 0, 0, 0, 0, 0, 0]",0.0
Brigitta Sipocz,2,0.0,0.11,1,1,0,0,0,1,1.0,"[0, 0, 0, 0, 0, 0, 0, 0]","[0, 0, 0, 0, 0, 0, 0, 0]","[0, 0, 0, 0, 0, 0, 0, 0]",0.0
Cameron Blocker,8,0.0,5.750000000000001,56,15,0,0,5,51,15.0,"[4, 0, 0, 0, 0, 0, 6, 0]","[0, 0, 0, 0, 0, 0, 0, 0]","[0, 0, 0, 0, 0, 0, 0, 0]",9.0
Carl Johnsen,1,0.0,0.4,4,0,0,0,1,3,0.0,"[0, 0, 0, 0, 1, 0, 0, 0]","[0, 0, 0, 0, 0, 0, 0, 0]","[0, 0, 0, 0, 0, 0, 0, 0]",1.0
Carl Michal,2,0.0,0.0,0,0,0,0,0,0,0.0,"[0, 0, 0, 0, 0, 0, 0, 0]","[0, 0, 0, 0, 0, 0, 0, 0]","[0, 0, 0, 0, 0, 0, 0, 0]",3.0
Changqing Li,1,0.0,5.17,47,47,0,0,47,0,0.0,"[0, 0, 0, 0, 0, 0, 0, 0]","[0, 0, 0, 0, 0, 0, 0, 0]","[0, 0, 0, 0, 0, 0, 0, 0]",0.0
Charles Harris,1052,0.0,384.31,3744,969,0,0,403,3374,901.0,"[1, 0, 0, 3, 29, 0, 23, 0]","[0, 0, 0, 0, 0, 0, 0, 0]","[0, 0, 0, 0, 0, 0, 0, 0]",75.46857205648507
Chiara Marmo,15,0.0,1.2900000000000003,12,9,0,0,0,12,9.0,"[0, 0, 0, 0, 0, 0, 0, 0]","[0, 0, 0, 0, 0, 0, 0, 0]","[0, 0, 0, 0, 0, 0, 0, 0]",0.0
Chris Barker,1,0.0,0.0,0,0,0,0,0,0,0.0,"[0, 0, 0, 0, 0, 0, 0, 0]","[0, 0, 0, 0, 0, 0, 0, 0]","[0, 0, 0, 0, 0, 0, 0, 0]",0.0
Chris Brown,1,0.0,0.0,0,0,0,0,0,0,0.0,"[0, 0, 0, 0, 0, 0, 0, 0]","[0, 0, 0, 0, 0, 0, 0, 0]","[0, 0, 0, 0, 0, 0, 0, 0]",2.0
Chris Holland,2,0.0,1.83,17,13,0,0,0,17,13.0,"[0, 0, 0, 0, 0, 0, 0, 0]","[0, 0, 0, 0, 0, 0, 0, 0]","[0, 0, 0, 0, 0, 0, 0, 0]",3.0
Chris Vavaliaris,1,0.0,26.96,259,106,3,0,0,259,106.0,"[0, 0, 0, 1, 2, 0, 1, 0]","[0, 0, 0, 0, 3, 0, 0, 0]","[0, 0, 0, 0, 0, 0, 0, 0]",2.4186046511627906
Christian Kastner,1,0.0,1.4200000000000002,14,2,0,0,5,9,2.0,"[0, 0, 0, 0, 1, 0, 1, 0]","[0, 0, 0, 0, 0, 0, 0, 0]","[0, 0, 0, 0, 0, 0, 0, 0]",3.0
Christina Hedges,1,0.0,0.0,0,0,0,0,0,0,0.0,"[0, 0, 0, 0, 0, 0, 0, 0]","[0, 0, 0, 0, 0, 0, 0, 0]","[0, 0, 0, 0, 0, 0, 0, 0]",0.0
Christoph Buchner,1,0.0,0.8800000000000001,8,8,0,0,0,8,8.0,"[0, 0, 0, 0, 0, 0, 0, 0]","[0, 0, 0, 0, 0, 0, 0, 0]","[0, 0, 0, 0, 0, 0, 0, 0]",0.0
Christoph Gohlke,12,0.0,0.53,5,3,0,0,1,4,2.0,"[0, 0, 0, 0, 0, 0, 0, 0]","[0, 0, 0, 0, 0, 0, 0, 0]","[0, 0, 0, 0, 0, 0, 0, 0]",4.0
Christoph Reiter,1,0.0,1.8900000000000001,12,69,0,0,0,12,57.0,"[0, 0, 0, 0, 0, 0, 0, 0]","[0, 0, 0, 0, 0, 0, 0, 0]","[0, 0, 0, 0, 0, 0, 0, 0]",0.0
Christopher Dahlin,7,0.0,4.430000000000001,41,33,0,0,0,41,33.0,"[0, 0, 0, 0, 0, 0, 0, 0]","[0, 0, 0, 0, 0, 0, 0, 0]","[0, 0, 0, 0, 0, 0, 0, 0]",1.0
Christos Efstathiou,3,0.0,0.22,2,2,0,0,0,2,2.0,"[0, 0, 0, 0, 0, 0, 0, 0]","[0, 0, 0, 0, 0, 0, 0, 0]","[0, 0, 0, 0, 0, 0, 0, 0]",0.0
Chunlin,10,0.0,3.98,37,28,0,1,1,36,27.0,"[0, 0, 0, 0, 1, 0, 0, 0]","[0, 0, 0, 0, 0, 0, 0, 0]","[0, 0, 1, 0, 0, 0, 0, 0]",4.344295302013423
CloseChoice,1,0.0,1.7200000000000002,17,2,0,0,1,16,2.0,"[0, 0, 0, 0, 1, 0, 3, 0]","[0, 0, 0, 0, 0, 0, 0, 0]","[0, 0, 0, 0, 0, 0, 0, 0]",2.8333333333333335
Clément Robert,1,0.0,0.9,9,0,0,0,1,8,0.0,"[2, 0, 0, 0, 1, 0, 1, 0]","[0, 0, 0, 0, 0, 0, 0, 0]","[0, 0, 0, 0, 0, 0, 0, 0]",3.0
Constanza,2,0.0,3.8400000000000003,38,4,1,0,4,34,4.0,"[6, 0, 0, 0, 0, 0, 1, 0]","[0, 0, 0, 0, 1, 0, 0, 0]","[0, 0, 0, 0, 0, 0, 0, 0]",2.977777777777778
DCtheTall,3,0.0,2.87,28,7,0,0,1,27,6.0,"[12, 0, 0, 0, 1, 0, 0, 0]","[0, 0, 0, 0, 0, 0, 0, 0]","[0, 0, 0, 0, 0, 0, 0, 0]",6.0
DWesl,14,0.0,22.42,208,162,0,0,11,197,152.0,"[0, 0, 0, 0, 2, 0, 2, 0]","[0, 0, 0, 0, 0, 0, 0, 0]","[0, 0, 0, 0, 0, 0, 0, 0]",9.0
Damien Caliste,2,0.0,7.950000000000001,79,5,0,1,2,77,5.0,"[0, 0, 0, 0, 3, 0, 8, 0]","[0, 0, 0, 0, 0, 0, 0, 0]","[0, 0, 1, 0, 0, 0, 0, 0]",4.918367346938775
Dan Allan,1,0.0,0.0,0,0,0,0,0,0,0.0,"[0, 0, 0, 0, 0, 0, 0, 0]","[0, 0, 0, 0, 0, 0, 0, 0]","[0, 0, 0, 0, 0, 0, 0, 0]",0.0
Daniel Ching,1,0.0,0.11,1,1,0,0,0,1,1.0,"[0, 0, 0, 0, 0, 0, 0, 0]","[0, 0, 0, 0, 0, 0, 0, 0]","[0, 0, 0, 0, 0, 0, 0, 0]",0.0
Daniel Evans,1,0.0,0.0,0,0,0,0,0,0,0.0,"[0, 0, 0, 0, 0, 0, 0, 0]","[0, 0, 0, 0, 0, 0, 0, 0]","[0, 0, 0, 0, 0, 0, 0, 0]",0.0
Daniel G. A. Smith,1,0.0,4.82,48,2,0,0,5,43,2.0,"[4, 0, 0, 0, 3, 0, 11, 0]","[0, 0, 0, 0, 0, 0, 0, 0]","[0, 0, 0, 0, 0, 0, 0, 0]",1.625
Daniel Hrisca,1,0.0,1.99,18,19,0,0,0,18,19.0,"[0, 0, 0, 0, 0, 0, 0, 0]","[0, 0, 0, 0, 0, 0, 0, 0]","[0, 0, 0, 0, 0, 0, 0, 0]",3.0
Daniel Vanzo,3,0.0,5.520000000000001,55,2,0,0,1,54,2.0,"[0, 0, 0, 0, 0, 0, 0, 0]","[0, 0, 0, 0, 0, 0, 0, 0]","[0, 0, 0, 0, 0, 0, 0, 0]",3.0
David Carlier,1,0.0,0.0,0,0,0,0,0,0,0.0,"[0, 0, 0, 0, 0, 0, 0, 0]","[0, 0, 0, 0, 0, 0, 0, 0]","[0, 0, 0, 0, 0, 0, 0, 0]",0.0
David Okpare,1,0.0,0.37,1,27,0,0,0,1,27.0,"[0, 0, 0, 0, 0, 0, 0, 0]","[0, 0, 0, 0, 0, 0, 0, 0]","[0, 0, 0, 0, 0, 0, 0, 0]",0.0
David Pitchford,1,0.0,0.0,0,0,0,0,0,0,0.0,"[0, 0, 0, 0, 0, 0, 0, 0]","[0, 0, 0, 0, 0, 0, 0, 0]","[0, 0, 0, 0, 0, 0, 0, 0]",0.0
David Stansby,1,0.0,0.33000000000000007,3,3,0,0,0,3,3.0,"[0, 0, 0, 0, 0, 0, 0, 0]","[0, 0, 0, 0, 0, 0, 0, 0]","[0, 0, 0, 0, 0, 0, 0, 0]",0.0
Deepyaman Datta,1,0.0,0.0,0,0,0,0,0,0,0.0,"[0, 0, 0, 0, 0, 0, 0, 0]","[0, 0, 0, 0, 0, 0, 0, 0]","[0, 0, 0, 0, 0, 0, 0, 0]",0.0
Derek Homeier,1,0.0,0.11,1,1,0,0,0,1,1.0,"[0, 0, 0, 0, 0, 0, 0, 0]","[0, 0, 0, 0, 0, 0, 0, 0]","[0, 0, 0, 0, 0, 0, 0, 0]",0.0
Derek Huang,2,0.0,0.1,1,0,0,0,0,1,0.0,"[0, 0, 0, 0, 0, 0, 0, 0]","[0, 0, 0, 0, 0, 0, 0, 0]","[0, 0, 0, 0, 0, 0, 0, 0]",0.0
Developer-Ecosystem-Engineering,3,0.0,0.6000000000000001,6,0,0,0,1,5,0.0,"[1, 0, 0, 0, 0, 0, 1, 0]","[0, 0, 0, 0, 0, 0, 0, 0]","[0, 0, 0, 0, 0, 0, 0, 0]",3.0
Dima Kogan,1,0.0,0.31000000000000005,3,1,0,0,0,3,1.0,"[0, 0, 0, 0, 0, 0, 0, 0]","[0, 0, 0, 0, 0, 0, 0, 0]","[0, 0, 0, 0, 0, 0, 0, 0]",0.0
Dima Pasechnik,7,0.0,1.9200000000000002,18,12,0,0,0,18,12.0,"[0, 0, 0, 0, 0, 0, 0, 0]","[0, 0, 0, 0, 0, 0, 0, 0]","[0, 0, 0, 0, 0, 0, 0, 0]",6.0
Dimitri Papadopoulos,29,0.0,21.51,196,191,0,2,53,154,153.0,"[0, 0, 0, 0, 0, 0, 4, 0]","[0, 0, 0, 0, 0, 0, 0, 0]","[0, 0, 2, 0, 0, 0, 0, 0]",20.923076923076923
Dmitriy Fishman,1,0.0,0.0,0,0,0,0,0,0,0.0,"[0, 0, 0, 0, 0, 0, 0, 0]","[0, 0, 0, 0, 0, 0, 0, 0]","[0, 0, 0, 0, 0, 0, 0, 0]",0.0
Dmitry Kutlenkov,2,0.0,1.5300000000000002,14,13,0,0,0,14,13.0,"[0, 0, 0, 0, 0, 0, 0, 0]","[0, 0, 0, 0, 0, 0, 0, 0]","[0, 0, 0, 0, 0, 0, 0, 0]",0.0
Dong Keun Oh,1,0.0,0.31000000000000005,3,1,0,0,1,2,0.0,"[0, 0, 0, 0, 0, 0, 0, 0]","[0, 0, 0, 0, 0, 0, 0, 0]","[0, 0, 0, 0, 0, 0, 0, 0]",0.0
Douglas Fenstermacher,1,0.0,0.56,5,6,0,0,0,5,6.0,"[0, 0, 0, 0, 0, 0, 0, 0]","[0, 0, 0, 0, 0, 0, 0, 0]","[0, 0, 0, 0, 0, 0, 0, 0]",0.0
DumbMice,1,0.0,0.0,0,0,0,0,0,0,0.0,"[0, 0, 0, 0, 0, 0, 0, 0]","[0, 0, 0, 0, 0, 0, 0, 0]","[0, 0, 0, 0, 0, 0, 0, 0]",0.0
Dustin Spicuzza,2,0.0,3.37,33,7,0,0,4,29,6.0,"[0, 0, 0, 0, 0, 0, 1, 0]","[0, 0, 0, 0, 0, 0, 0, 0]","[0, 0, 0, 0, 0, 0, 0, 0]",3.0
E. M. Bray,1,0.0,0.41000000000000003,4,1,0,0,0,4,1.0,"[0, 0, 0, 0, 0, 0, 0, 0]","[0, 0, 0, 0, 0, 0, 0, 0]","[0, 0, 0, 0, 0, 0, 0, 0]",1.0
E. Madison Bray,4,0.0,7.770000000000001,75,27,2,0,7,68,25.0,"[1, 0, 0, 0, 0, 0, 4, 0]","[0, 0, 0, 0, 2, 0, 0, 0]","[0, 0, 0, 0, 0, 0, 0, 0]",3.1
EGuesnet,1,0.0,0.9400000000000001,9,4,0,0,2,7,3.0,"[0, 0, 0, 0, 0, 0, 0, 0]","[0, 0, 0, 0, 0, 0, 0, 0]","[0, 0, 0, 0, 0, 0, 0, 0]",3.0
Eero Vaher,1,0.0,0.0,0,0,0,0,0,0,0.0,"[0, 0, 0, 0, 0, 0, 0, 0]","[0, 0, 0, 0, 0, 0, 0, 0]","[0, 0, 0, 0, 0, 0, 0, 0]",0.0
Eertmans,1,0.0,0.0,0,0,0,0,0,0,0.0,"[0, 0, 0, 0, 0, 0, 0, 0]","[0, 0, 0, 0, 0, 0, 0, 0]","[0, 0, 0, 0, 0, 0, 0, 0]",0.0
Elia Franzella,1,0.0,0.0,0,0,0,0,0,0,0.0,"[0, 0, 0, 0, 0, 0, 0, 0]","[0, 0, 0, 0, 0, 0, 0, 0]","[0, 0, 0, 0, 0, 0, 0, 0]",0.0
Elias Koromilas,2,0.0,3.19,31,9,1,0,6,25,8.0,"[0, 0, 0, 0, 6, 0, 0, 0]","[0, 0, 0, 0, 1, 0, 0, 0]","[0, 0, 0, 0, 0, 0, 0, 0]",4.0
Eliaz Bobadilla,1,0.0,0.05,0,0,0,0,0,0,0.0,"[0, 0, 0, 0, 0, 0, 0, 0]","[0, 0, 0, 0, 0, 0, 0, 0]","[0, 0, 0, 0, 0, 0, 0, 0]",0.0
Elisha Hollander,1,0.0,0.22999999999999998,1,13,0,0,0,1,13.0,"[0, 0, 0, 0, 0, 0, 0, 0]","[0, 0, 0, 0, 0, 0, 0, 0]","[0, 0, 0, 0, 0, 0, 0, 0]",2.5
Emmanuelle Gouillart,1,0.0,0.03,0,3,0,0,0,0,3.0,"[0, 0, 0, 0, 0, 0, 0, 0]","[0, 0, 0, 0, 0, 0, 0, 0]","[0, 0, 0, 0, 0, 0, 0, 0]",0.0
Enrique Matías Sánchez (Quique),1,0.0,0.11,1,1,0,0,0,1,1.0,"[0, 0, 0, 0, 0, 0, 0, 0]","[0, 0, 0, 0, 0, 0, 0, 0]","[0, 0, 0, 0, 0, 0, 0, 0]",0.0
Erfan Nariman | Veneficus,2,0.0,0.44000000000000006,4,4,0,0,0,4,4.0,"[0, 0, 0, 0, 0, 0, 2, 0]","[0, 0, 0, 0, 0, 0, 0, 0]","[0, 0, 0, 0, 0, 0, 0, 0]",0.0
Eric Larson,3,0.0,1.96,19,6,0,0,1,18,6.0,"[0, 0, 0, 0, 0, 0, 5, 0]","[0, 0, 0, 0, 0, 0, 0, 0]","[0, 0, 0, 0, 0, 0, 0, 0]",1.6
Eric Mariasis,25,0.0,1.11,11,1,0,0,1,11,1.0,"[2, 0, 0, 0, 2, 0, 0, 0]","[0, 0, 0, 0, 0, 0, 0, 0]","[0, 0, 0, 0, 0, 0, 0, 0]",10.0
Eric Moore,2,0.0,1.4200000000000002,12,22,0,0,0,12,18.0,"[0, 0, 0, 0, 0, 0, 0, 0]","[0, 0, 0, 0, 0, 0, 0, 0]","[0, 0, 0, 0, 0, 0, 0, 0]",2.0
Eric Wieser,200,0.0,171.55,1603,1125,7,8,123,1487,1028.0,"[22, 0, 0, 0, 14, 0, 51, 1]","[0, 0, 0, 0, 5, 0, 1, 1]","[0, 0, 7, 1, 0, 0, 0, 0]",157.18224470816082
Erik Welch,1,0.0,0.7100000000000001,7,1,0,0,0,7,1.0,"[0, 0, 0, 0, 0, 0, 0, 0]","[0, 0, 0, 0, 0, 0, 0, 0]","[0, 0, 0, 0, 0, 0, 0, 0]",3.0
EthanCJ-git,1,0.0,0.11,1,1,0,0,0,1,1.0,"[0, 0, 0, 0, 0, 0, 0, 0]","[0, 0, 0, 0, 0, 0, 0, 0]","[0, 0, 0, 0, 0, 0, 0, 0]",0.0
Etienne Guesnet,1,0.0,0.0,0,0,0,0,0,0,0.0,"[0, 0, 0, 0, 0, 0, 0, 0]","[0, 0, 0, 0, 0, 0, 0, 0]","[0, 0, 0, 0, 0, 0, 0, 0]",0.0
EvaJau,1,0.0,0.0,0,0,0,0,0,0,0.0,"[0, 0, 0, 0, 0, 0, 0, 0]","[0, 0, 0, 0, 0, 0, 0, 0]","[0, 0, 0, 0, 0, 0, 0, 0]",0.0
Evan Miller,1,0.0,0.0,0,0,0,0,0,0,0.0,"[0, 0, 0, 0, 0, 0, 0, 0]","[0, 0, 0, 0, 0, 0, 0, 0]","[0, 0, 0, 0, 0, 0, 0, 0]",0.0
Evgeni Burovski,1,0.0,0.0,0,0,0,0,0,0,0.0,"[0, 0, 0, 0, 0, 0, 0, 0]","[0, 0, 0, 0, 0, 0, 0, 0]","[0, 0, 0, 0, 0, 0, 0, 0]",0.0
FX Coudert,1,0.0,0.11,1,1,0,0,0,1,1.0,"[0, 0, 0, 0, 0, 0, 0, 0]","[0, 0, 0, 0, 0, 0, 0, 0]","[0, 0, 0, 0, 0, 0, 0, 0]",0.0
Fabio Zeiser,1,0.0,0.0,0,0,0,0,0,0,0.0,"[0, 0, 0, 0, 0, 0, 0, 0]","[0, 0, 0, 0, 0, 0, 0, 0]","[0, 0, 0, 0, 0, 0, 0, 0]",0.0
Faris A Chugthai,1,0.0,0.0,0,0,0,0,0,0,0.0,"[0, 0, 0, 0, 0, 0, 0, 0]","[0, 0, 0, 0, 0, 0, 0, 0]","[0, 0, 0, 0, 0, 0, 0, 0]",0.0
Fayas Noushad,2,0.0,0.01,0,0,0,0,0,0,0.0,"[0, 0, 0, 0, 0, 0, 0, 0]","[0, 0, 0, 0, 0, 0, 0, 0]","[0, 0, 0, 0, 0, 0, 0, 0]",0.0
Fayyr,1,0.0,0.02,0,2,0,0,0,0,2.0,"[0, 0, 0, 0, 0, 0, 0, 0]","[0, 0, 0, 0, 0, 0, 0, 0]","[0, 0, 0, 0, 0, 0, 0, 0]",0.0
Felix Divo,4,0.0,1.04,9,14,0,0,0,9,14.0,"[0, 0, 0, 0, 0, 0, 0, 0]","[0, 0, 0, 0, 0, 0, 0, 0]","[0, 0, 0, 0, 0, 0, 0, 0]",0.0
Filip Ter,2,0.0,1.87,18,7,0,0,0,18,7.0,"[0, 0, 0, 0, 2, 0, 2, 0]","[0, 0, 0, 0, 0, 0, 0, 0]","[0, 0, 0, 0, 0, 0, 0, 0]",3.0
Filip Trojan,1,0.0,9.010000000000002,90,1,0,0,9,82,1.0,"[4, 0, 0, 0, 16, 0, 6, 0]","[0, 0, 0, 0, 0, 0, 0, 0]","[0, 0, 0, 0, 0, 0, 0, 0]",2.0
Frankie Robertson,1,0.0,0.0,0,0,0,0,0,0,0.0,"[0, 0, 0, 0, 0, 0, 0, 0]","[0, 0, 0, 0, 0, 0, 0, 0]","[0, 0, 0, 0, 0, 0, 0, 0]",0.0
François Le Lay,3,0.0,0.0,0,0,0,0,0,0,0.0,"[0, 0, 0, 0, 0, 0, 0, 0]","[0, 0, 0, 0, 0, 0, 0, 0]","[0, 0, 0, 0, 0, 0, 0, 0]",0.0
Gabriel Gerlero,1,0.0,0.0,0,0,0,0,0,0,0.0,"[0, 0, 0, 0, 0, 0, 0, 0]","[0, 0, 0, 0, 0, 0, 0, 0]","[0, 0, 0, 0, 0, 0, 0, 0]",0.0
Gagandeep Singh,23,0.0,17.480000000000004,173,18,0,1,4,169,18.0,"[2, 0, 0, 0, 14, 0, 16, 0]","[0, 0, 0, 0, 0, 0, 0, 0]","[0, 0, 1, 0, 0, 0, 0, 0]",15.046031746031746
Ganesh Kathiresan,81,0.0,47.52,458,172,4,3,26,432,162.0,"[16, 0, 0, 0, 9, 0, 28, 0]","[0, 0, 0, 0, 4, 0, 0, 0]","[0, 0, 3, 0, 0, 0, 0, 0]",60.571909538404384
Gengxin Xie,20,0.0,6.66,65,16,0,1,4,65,16.0,"[1, 0, 0, 0, 9, 0, 13, 0]","[0, 0, 0, 0, 0, 0, 0, 0]","[0, 0, 0, 0, 0, 0, 0, 1]",16.0
Gerry Manoim,1,0.0,0.0,0,0,0,0,0,0,0.0,"[0, 0, 0, 0, 0, 0, 0, 0]","[0, 0, 0, 0, 0, 0, 0, 0]","[0, 0, 0, 0, 0, 0, 0, 0]",0.0
Ghiles Meddour,1,0.0,0.11,1,1,0,0,0,1,1.0,"[0, 0, 0, 0, 0, 0, 0, 0]","[0, 0, 0, 0, 0, 0, 0, 0]","[0, 0, 0, 0, 0, 0, 0, 0]",0.0
Giannis Zapantis,3,0.0,0.0,0,0,0,0,0,0,0.0,"[0, 0, 0, 0, 0, 0, 0, 0]","[0, 0, 0, 0, 0, 0, 0, 0]","[0, 0, 0, 0, 0, 0, 0, 0]",0.0
Giulio Procopio,1,0.0,0.06,0,6,0,0,0,0,6.0,"[0, 0, 0, 0, 0, 0, 0, 0]","[0, 0, 0, 0, 0, 0, 0, 0]","[0, 0, 0, 0, 0, 0, 0, 0]",2.0
Greg Lucas,2,0.0,4.800000000000001,48,0,0,1,10,38,0.0,"[0, 0, 0, 0, 5, 0, 0, 0]","[0, 0, 0, 0, 0, 0, 0, 0]","[0, 0, 1, 0, 0, 0, 0, 0]",2.08
Gregory Lee,4,0.0,1.1300000000000001,11,3,0,0,1,10,3.0,"[0, 0, 0, 0, 0, 0, 2, 0]","[0, 0, 0, 0, 0, 0, 0, 0]","[0, 0, 0, 0, 0, 0, 0, 0]",9.0
Guilherme Leobas,3,0.0,5.53,55,3,0,0,0,55,3.0,"[0, 0, 0, 0, 0, 0, 0, 0]","[0, 0, 0, 0, 0, 0, 0, 0]","[0, 0, 0, 0, 0, 0, 0, 0]",0.0
Guo,1,0.0,0.11,1,1,0,0,0,1,1.0,"[0, 0, 0, 0, 0, 0, 0, 0]","[0, 0, 0, 0, 0, 0, 0, 0]","[0, 0, 0, 0, 0, 0, 0, 0]",0.0
Gwyn Ciesla,1,0.0,0.0,0,0,0,0,0,0,0.0,"[0, 0, 0, 0, 0, 0, 0, 0]","[0, 0, 0, 0, 0, 0, 0, 0]","[0, 0, 0, 0, 0, 0, 0, 0]",0.0
H. Vetinari,6,0.0,2.56,18,76,0,0,2,16,73.0,"[0, 0, 0, 0, 2, 0, 0, 0]","[0, 0, 0, 0, 0, 0, 0, 0]","[0, 0, 0, 0, 0, 0, 0, 0]",4.3
Hameer Abbasi,14,0.0,25.03,247,33,0,1,6,242,30.0,"[9, 0, 0, 0, 4, 0, 7, 0]","[0, 0, 0, 0, 0, 0, 0, 0]","[0, 0, 1, 0, 0, 0, 0, 0]",22.883144178226146
Hao Jin,1,0.0,0.51,5,1,0,0,0,5,1.0,"[0, 0, 0, 0, 0, 0, 0, 0]","[0, 0, 0, 0, 0, 0, 0, 0]","[0, 0, 0, 0, 0, 0, 0, 0]",0.0
HaoZeke,1,0.0,0.0,0,0,0,0,0,0,0.0,"[0, 0, 0, 0, 0, 0, 0, 0]","[0, 0, 0, 0, 0, 0, 0, 0]","[0, 0, 0, 0, 0, 0, 0, 0]",0.0
Harshal Prakash Patankar,1,0.0,0.11,1,1,0,0,0,1,1.0,"[0, 0, 0, 0, 0, 0, 0, 0]","[0, 0, 0, 0, 0, 0, 0, 0]","[0, 0, 0, 0, 0, 0, 0, 0]",0.0
Hassan Kibirige,1,0.0,0.1,1,0,0,0,0,1,0.0,"[0, 0, 0, 0, 0, 0, 0, 0]","[0, 0, 0, 0, 0, 0, 0, 0]","[0, 0, 0, 0, 0, 0, 0, 0]",2.0
Hector Martin,1,0.0,0.76,7,6,0,0,0,7,6.0,"[0, 0, 0, 0, 0, 0, 0, 0]","[0, 0, 0, 0, 0, 0, 0, 0]","[0, 0, 0, 0, 0, 0, 0, 0]",0.0
Henry Schreiner,4,0.0,0.99,9,9,0,0,4,9,9.0,"[0, 0, 0, 0, 0, 0, 0, 0]","[0, 0, 0, 0, 0, 0, 0, 0]","[0, 0, 0, 0, 0, 0, 0, 0]",0.0
Heshy Roskes,1,0.0,0.22,2,2,0,0,0,2,2.0,"[0, 0, 0, 0, 0, 0, 0, 0]","[0, 0, 0, 0, 0, 0, 0, 0]","[0, 0, 0, 0, 0, 0, 0, 0]",0.0
Himanshu,1,0.0,0.11,1,1,0,0,0,1,1.0,"[0, 0, 0, 0, 0, 0, 0, 0]","[0, 0, 0, 0, 0, 0, 0, 0]","[0, 0, 0, 0, 0, 0, 0, 0]",0.0
Himanshu Garg,1,0.0,0.11,1,1,0,0,0,1,1.0,"[0, 0, 0, 0, 0, 0, 0, 0]","[0, 0, 0, 0, 0, 0, 0, 0]","[0, 0, 0, 0, 0, 0, 0, 0]",0.0
Hollow Man,1,0.0,0.0,0,0,0,0,0,0,0.0,"[0, 0, 0, 0, 0, 0, 0, 0]","[0, 0, 0, 0, 0, 0, 0, 0]","[0, 0, 0, 0, 0, 0, 0, 0]",0.0
Holly Corbett,4,0.0,0.66,2,46,0,0,0,2,43.0,"[0, 0, 0, 0, 0, 0, 0, 0]","[0, 0, 0, 0, 0, 0, 0, 0]","[0, 0, 0, 0, 0, 0, 0, 0]",0.0
Hood Chatham,2,0.0,0.0,0,0,0,0,0,0,0.0,"[0, 0, 0, 0, 0, 0, 0, 0]","[0, 0, 0, 0, 0, 0, 0, 0]","[0, 0, 0, 0, 0, 0, 0, 0]",4.0
HowJMay,4,0.0,3.7600000000000002,37,6,0,0,4,35,6.0,"[5, 0, 0, 0, 5, 0, 11, 0]","[0, 0, 0, 0, 0, 0, 0, 0]","[0, 0, 0, 0, 0, 0, 0, 0]",4.14975845410628
HowJmay,6,0.0,9.15,90,15,0,0,8,88,15.0,"[8, 0, 0, 0, 30, 0, 16, 0]","[0, 0, 0, 0, 0, 0, 0, 0]","[0, 0, 0, 0, 0, 0, 0, 0]",8.248102139406488
Hugo,4,0.0,30.080000000000002,296,48,0,0,46,252,39.0,"[0, 0, 0, 0, 0, 0, 0, 0]","[0, 0, 0, 0, 0, 0, 0, 0]","[0, 0, 0, 0, 0, 0, 0, 0]",6.787878787878787
Hugo Defois,7,0.0,2.3000000000000003,23,0,2,0,3,20,0.0,"[3, 0, 0, 0, 2, 0, 2, 0]","[0, 0, 0, 0, 2, 0, 0, 0]","[0, 0, 0, 0, 0, 0, 0, 0]",3.0
Hugo Mendes,1,0.0,0.0,0,0,0,0,0,0,0.0,"[0, 0, 0, 0, 0, 0, 0, 0]","[0, 0, 0, 0, 0, 0, 0, 0]","[0, 0, 0, 0, 0, 0, 0, 0]",0.0
Hugo van Kemenade,9,0.0,5.34,49,42,0,0,3,47,41.0,"[0, 0, 0, 0, 0, 0, 1, 0]","[0, 0, 0, 0, 0, 0, 0, 0]","[0, 0, 0, 0, 0, 0, 0, 0]",2.0
Huon Wilson,1,0.0,3.5,35,0,0,0,4,31,0.0,"[0, 0, 0, 0, 3, 0, 10, 0]","[0, 0, 0, 0, 0, 0, 0, 0]","[0, 0, 0, 0, 0, 0, 0, 0]",2.0
Ian Thomas,2,0.0,3.41,31,31,0,1,4,27,27.0,"[5, 0, 0, 0, 0, 0, 1, 0]","[0, 0, 0, 0, 0, 0, 0, 0]","[0, 0, 1, 0, 0, 0, 0, 0]",3.0
Illviljan,6,0.0,2.7600000000000002,26,16,0,0,0,26,16.0,"[0, 0, 0, 0, 0, 0, 6, 0]","[0, 0, 0, 0, 0, 0, 0, 0]","[0, 0, 0, 0, 0, 0, 0, 0]",5.0
ImenRajhi,3,0.0,1.4700000000000002,14,7,0,0,2,12,6.0,"[4, 0, 0, 0, 0, 0, 0, 0]","[0, 0, 0, 0, 0, 0, 0, 0]","[0, 0, 0, 0, 0, 0, 0, 0]",6.0
InessaPawson,8,0.0,0.42,0,0,0,0,0,0,0.0,"[0, 0, 0, 0, 0, 0, 0, 0]","[0, 0, 0, 0, 0, 0, 0, 0]","[0, 0, 0, 0, 0, 0, 0, 0]",0.0
Irit Katriel,1,0.0,1.1,8,30,0,0,0,8,23.0,"[0, 0, 0, 0, 1, 0, 0, 0]","[0, 0, 0, 0, 0, 0, 0, 0]","[0, 0, 0, 0, 0, 0, 0, 0]",1.0
Ismael Jimenez,1,0.0,0.0,0,0,0,0,0,0,0.0,"[0, 0, 0, 0, 0, 0, 0, 0]","[0, 0, 0, 0, 0, 0, 0, 0]","[0, 0, 0, 0, 0, 0, 0, 0]",0.0
Isuru Fernando,7,0.0,8.43,79,53,1,1,2,77,51.0,"[1, 0, 0, 1, 6, 0, 17, 0]","[0, 0, 0, 0, 1, 0, 0, 0]","[0, 0, 0, 0, 1, 0, 0, 0]",2.5
JMFT,1,0.0,0.22,2,2,0,0,0,2,2.0,"[0, 0, 0, 0, 0, 0, 0, 0]","[0, 0, 0, 0, 0, 0, 0, 0]","[0, 0, 0, 0, 0, 0, 0, 0]",0.0
Jack,1,0.0,0.0,0,0,0,0,0,0,0.0,"[0, 0, 0, 0, 0, 0, 0, 0]","[0, 0, 0, 0, 0, 0, 0, 0]","[0, 0, 0, 0, 0, 0, 0, 0]",0.0
Jakob,8,0.0,9.950000000000001,90,95,0,0,2,88,93.0,"[0, 0, 0, 0, 0, 0, 0, 0]","[0, 0, 0, 0, 0, 0, 0, 0]","[0, 0, 0, 0, 0, 0, 0, 0]",3.0
Jakub Wilk,1,0.0,0.0,0,0,0,0,0,0,0.0,"[0, 0, 0, 0, 0, 0, 0, 0]","[0, 0, 0, 0, 0, 0, 0, 0]","[0, 0, 0, 0, 0, 0, 0, 0]",0.0
James Gerity,4,0.0,0.0,0,0,0,0,0,0,0.0,"[0, 0, 0, 0, 0, 0, 0, 0]","[0, 0, 0, 0, 0, 0, 0, 0]","[0, 0, 0, 0, 0, 0, 0, 0]",0.0
James Myatt,1,0.0,0.22,2,2,0,0,0,2,2.0,"[0, 0, 0, 0, 0, 0, 0, 0]","[0, 0, 0, 0, 0, 0, 0, 0]","[0, 0, 0, 0, 0, 0, 0, 0]",0.0
Jamie,4,0.0,0.43000000000000005,4,3,0,0,0,4,3.0,"[0, 0, 0, 0, 0, 0, 0, 0]","[0, 0, 0, 0, 0, 0, 0, 0]","[0, 0, 0, 0, 0, 0, 0, 0]",3.0
Jerry Morrison,7,0.0,5.700000000000001,54,30,0,0,0,54,30.0,"[0, 0, 0, 0, 0, 0, 0, 0]","[0, 0, 0, 0, 0, 0, 0, 0]","[0, 0, 0, 0, 0, 0, 0, 0]",5.0
Jesse Li,1,0.0,0.22,2,2,0,0,0,2,2.0,"[0, 0, 0, 0, 0, 0, 0, 0]","[0, 0, 0, 0, 0, 0, 0, 0]","[0, 0, 0, 0, 0, 0, 0, 0]",0.0
Jim,1,0.0,1.1700000000000002,11,7,0,0,5,6,4.0,"[0, 0, 0, 0, 0, 0, 0, 0]","[0, 0, 0, 0, 0, 0, 0, 0]","[0, 0, 0, 0, 0, 0, 0, 0]",3.0
Jody Klymak,1,0.0,0.11,1,1,0,0,0,1,1.0,"[0, 0, 0, 0, 0, 0, 0, 0]","[0, 0, 0, 0, 0, 0, 0, 0]","[0, 0, 0, 0, 0, 0, 0, 0]",0.0
Joe Marshall,1,0.0,0.0,0,0,0,0,0,0,0.0,"[0, 0, 0, 0, 0, 0, 0, 0]","[0, 0, 0, 0, 0, 0, 0, 0]","[0, 0, 0, 0, 0, 0, 0, 0]",0.7692307692307692
Johan von Forstner,1,0.0,0.11,1,1,0,0,0,1,1.0,"[0, 0, 0, 0, 0, 0, 0, 0]","[0, 0, 0, 0, 0, 0, 0, 0]","[0, 0, 0, 0, 0, 0, 0, 0]",0.0
John Han,1,0.0,0.42000000000000004,4,2,0,0,0,4,2.0,"[0, 0, 0, 0, 0, 0, 0, 0]","[0, 0, 0, 0, 0, 0, 0, 0]","[0, 0, 0, 0, 0, 0, 0, 0]",0.0
John Zwinck,1,0.0,0.32000000000000006,3,2,0,0,1,2,2.0,"[0, 0, 0, 0, 0, 0, 2, 0]","[0, 0, 0, 0, 0, 0, 0, 0]","[0, 0, 0, 0, 0, 0, 0, 0]",0.0
Jon Dufresne,4,0.0,101.05000000000001,848,1625,0,0,1,847,1619.0,"[0, 0, 0, 0, 0, 0, 0, 0]","[0, 0, 0, 0, 0, 0, 0, 0]","[0, 0, 0, 0, 0, 0, 0, 0]",2.0
Jon Morris,1,0.0,0.22,2,2,0,0,0,2,2.0,"[0, 0, 0, 0, 0, 0, 0, 0]","[0, 0, 0, 0, 0, 0, 0, 0]","[0, 0, 0, 0, 0, 0, 0, 0]",0.0
Jonas I. Liechti,1,0.0,0.01,0,1,0,0,0,0,1.0,"[0, 0, 0, 0, 0, 0, 0, 0]","[0, 0, 0, 0, 0, 0, 0, 0]","[0, 0, 0, 0, 0, 0, 0, 0]",0.0
Jonas Liechti,5,0.0,1.8100000000000003,17,11,0,0,0,17,11.0,"[0, 0, 0, 0, 0, 0, 0, 0]","[0, 0, 0, 0, 0, 0, 0, 0]","[0, 0, 0, 0, 0, 0, 0, 0]",0.0
Jonathan Reichelt Gjertsen,1,0.0,0.0,0,0,0,0,0,0,0.0,"[0, 0, 0, 0, 0, 0, 0, 0]","[0, 0, 0, 0, 0, 0, 0, 0]","[0, 0, 0, 0, 0, 0, 0, 0]",0.0
Joseph Fox-Rabinovitz,3,0.0,1.9900000000000002,18,19,0,0,0,18,19.0,"[0, 0, 0, 0, 0, 0, 0, 0]","[0, 0, 0, 0, 0, 0, 0, 0]","[0, 0, 0, 0, 0, 0, 0, 0]",0.0
Josh Wilson,36,0.0,174.03000000000003,1732,83,1,0,475,1591,74.0,"[0, 0, 1, 0, 1, 0, 6, 0]","[0, 0, 0, 0, 1, 0, 0, 0]","[0, 0, 0, 0, 0, 0, 0, 0]",12.08775205377147
Joshua,1,0.0,0.0,0,0,0,0,0,0,0.0,"[0, 0, 0, 0, 0, 0, 0, 0]","[0, 0, 0, 0, 0, 0, 0, 0]","[0, 0, 0, 0, 0, 0, 0, 0]",0.0
Jovial Joe Jayarson,1,0.0,0.44,4,4,0,0,0,4,4.0,"[0, 0, 0, 0, 0, 0, 0, 0]","[0, 0, 0, 0, 0, 0, 0, 0]","[0, 0, 0, 0, 0, 0, 0, 0]",0.0
Julia Signell,1,0.0,0.11,1,1,0,0,0,1,1.0,"[0, 0, 0, 0, 0, 0, 0, 0]","[0, 0, 0, 0, 0, 0, 0, 0]","[0, 0, 0, 0, 0, 0, 0, 0]",0.0
Jun Kudo,5,0.0,34.75,316,315,0,0,316,316,315.0,"[0, 0, 0, 0, 0, 0, 0, 0]","[0, 0, 0, 0, 0, 0, 0, 0]","[0, 0, 0, 0, 0, 0, 0, 0]",0.0
Jérome Eertmans,1,0.0,1.3,13,0,0,0,0,13,0.0,"[2, 0, 0, 0, 0, 0, 0, 0]","[0, 0, 0, 0, 0, 0, 0, 0]","[0, 0, 0, 0, 0, 0, 0, 0]",2.0
Jérôme Kieffer,5,0.0,1.87,18,7,1,0,1,17,7.0,"[0, 0, 0, 0, 1, 0, 0, 0]","[0, 0, 0, 0, 1, 0, 0, 0]","[0, 0, 0, 0, 0, 0, 0, 0]",6.0
KIU Shueng Chuan,1,0.0,0.0,0,0,0,0,0,0,0.0,"[0, 0, 0, 0, 0, 0, 0, 0]","[0, 0, 0, 0, 0, 0, 0, 0]","[0, 0, 0, 0, 0, 0, 0, 0]",0.0
Kai Striega,1,0.0,0.0,0,0,0,0,0,0,0.0,"[0, 0, 0, 0, 0, 0, 0, 0]","[0, 0, 0, 0, 0, 0, 0, 0]","[0, 0, 0, 0, 0, 0, 0, 0]",0.0
Kamil Choudhury,1,0.0,0.21000000000000002,2,1,0,0,0,2,1.0,"[0, 0, 0, 0, 0, 0, 0, 0]","[0, 0, 0, 0, 0, 0, 0, 0]","[0, 0, 0, 0, 0, 0, 0, 0]",1.0
Kasia,10,0.0,1.1600000000000001,11,6,0,0,0,11,6.0,"[0, 0, 0, 0, 0, 0, 0, 0]","[0, 0, 0, 0, 0, 0, 0, 0]","[0, 0, 0, 0, 0, 0, 0, 0]",0.0
Kaspar Thommen,1,0.0,4.73,47,3,0,0,5,42,3.0,"[6, 0, 0, 0, 0, 0, 3, 0]","[0, 0, 0, 0, 0, 0, 0, 0]","[0, 0, 0, 0, 0, 0, 0, 0]",2.444444444444444
Keewis,1,0.0,0.2,2,0,0,0,1,1,0.0,"[0, 0, 0, 0, 0, 0, 0, 0]","[0, 0, 0, 0, 0, 0, 0, 0]","[0, 0, 0, 0, 0, 0, 0, 0]",2.0
Kenichi Maehashi,2,0.0,0.33,3,3,0,0,0,3,3.0,"[0, 0, 0, 0, 0, 0, 0, 0]","[0, 0, 0, 0, 0, 0, 0, 0]","[0, 0, 0, 0, 0, 0, 0, 0]",0.0
Kent R. Spillner,1,0.0,0.11,1,1,0,0,1,0,0.0,"[0, 0, 0, 0, 0, 0, 0, 0]","[0, 0, 0, 0, 0, 0, 0, 0]","[0, 0, 0, 0, 0, 0, 0, 0]",0.0
Kerem Hallaç,3,0.0,1.2600000000000002,12,6,0,0,0,12,6.0,"[0, 0, 0, 0, 0, 0, 0, 0]","[0, 0, 0, 0, 0, 0, 0, 0]","[0, 0, 0, 0, 0, 0, 0, 0]",1.0
Kevin Modzelewski,1,0.0,0.7100000000000001,6,11,0,0,0,6,11.0,"[0, 0, 0, 0, 1, 0, 0, 0]","[0, 0, 0, 0, 0, 0, 0, 0]","[0, 0, 0, 0, 0, 0, 0, 0]",2.0
Kevin Moore,1,0.0,0.22,2,2,0,0,0,2,2.0,"[0, 0, 0, 0, 0, 0, 0, 0]","[0, 0, 0, 0, 0, 0, 0, 0]","[0, 0, 0, 0, 0, 0, 0, 0]",0.0
Kevin Sheppard,75,0.0,400.70000000000005,3953,540,5,0,1807,3924,538.0,"[12, 0, 0, 4, 38, 0, 73, 104]","[0, 0, 0, 0, 5, 0, 0, 0]","[0, 0, 0, 0, 0, 0, 0, 0]",46.9990675990676
Kirill Zinovjev,1,0.0,0.22,2,2,0,0,0,2,2.0,"[0, 0, 0, 0, 0, 0, 0, 0]","[0, 0, 0, 0, 0, 0, 0, 0]","[0, 0, 0, 0, 0, 0, 0, 0]",0.0
Klaus Zimmermann,1,0.0,33.43000000000001,334,3,1,1,3,331,3.0,"[10, 0, 0, 0, 9, 0, 22, 0]","[0, 0, 0, 0, 1, 0, 0, 0]","[0, 0, 1, 0, 0, 0, 0, 0]",2.776595744680851
Kulin Seth,2,0.0,0.0,0,0,0,0,0,0,0.0,"[0, 0, 0, 0, 0, 0, 0, 0]","[0, 0, 0, 0, 0, 0, 0, 0]","[0, 0, 0, 0, 0, 0, 0, 0]",0.0
LSchroefl,1,0.0,0.11,1,1,0,0,0,1,1.0,"[0, 0, 0, 0, 0, 0, 0, 0]","[0, 0, 0, 0, 0, 0, 0, 0]","[0, 0, 0, 0, 0, 0, 0, 0]",0.0
Laura Martens,1,0.0,1.8100000000000003,18,1,0,0,2,16,1.0,"[1, 0, 0, 0, 6, 0, 0, 0]","[0, 0, 0, 0, 0, 0, 0, 0]","[0, 0, 0, 0, 0, 0, 0, 0]",3.0
Laurie,3,0.0,0.0,0,0,0,0,0,0,0.0,"[0, 0, 0, 0, 0, 0, 0, 0]","[0, 0, 0, 0, 0, 0, 0, 0]","[0, 0, 0, 0, 0, 0, 0, 0]",0.0
Laurie Stephey,1,0.0,6.300000000000001,63,0,0,0,0,63,0.0,"[0, 0, 0, 0, 0, 0, 0, 0]","[0, 0, 0, 0, 0, 0, 0, 0]","[0, 0, 0, 0, 0, 0, 0, 0]",0.0
Leo Singer,1,0.0,0.0,0,0,0,0,0,0,0.0,"[0, 0, 0, 0, 0, 0, 0, 0]","[0, 0, 0, 0, 0, 0, 0, 0]","[0, 0, 0, 0, 0, 0, 0, 0]",0.0
Leonardus,1,0.0,0.0,0,0,0,0,0,0,0.0,"[0, 0, 0, 0, 0, 0, 0, 0]","[0, 0, 0, 0, 0, 0, 0, 0]","[0, 0, 0, 0, 0, 0, 0, 0]",0.0
Levi Stovall,1,0.0,0.21000000000000002,2,1,0,0,0,2,1.0,"[0, 0, 0, 0, 0, 0, 1, 0]","[0, 0, 0, 0, 0, 0, 0, 0]","[0, 0, 0, 0, 0, 0, 0, 0]",0.0
Lisa,1,0.0,23.870000000000005,220,187,0,0,5,216,186.0,"[1, 0, 0, 0, 0, 0, 2, 0]","[0, 0, 0, 0, 0, 0, 0, 0]","[0, 0, 0, 0, 0, 0, 0, 0]",1.6666666666666665
Lisa Schwetlick,1,0.0,3.6900000000000004,36,9,0,0,0,36,9.0,"[0, 0, 0, 0, 1, 0, 2, 1]","[0, 0, 0, 0, 0, 0, 0, 0]","[0, 0, 0, 0, 0, 0, 0, 0]",2.0
Lukas Geiger,1,0.0,0.22,2,2,0,0,0,2,2.0,"[0, 0, 0, 0, 0, 0, 0, 0]","[0, 0, 0, 0, 0, 0, 0, 0]","[0, 0, 0, 0, 0, 0, 0, 0]",0.0
Lumir Balhar,1,0.0,0.0,0,0,0,0,0,0,0.0,"[0, 0, 0, 0, 0, 0, 0, 0]","[0, 0, 0, 0, 0, 0, 0, 0]","[0, 0, 0, 0, 0, 0, 0, 0]",0.0
MLK97,2,0.0,0.22,2,2,0,0,0,2,2.0,"[0, 0, 0, 0, 0, 0, 0, 0]","[0, 0, 0, 0, 0, 0, 0, 0]","[0, 0, 0, 0, 0, 0, 0, 0]",0.0
Maia Kaplan,2,0.0,1.6,16,0,0,0,0,16,0.0,"[0, 0, 0, 0, 3, 0, 0, 0]","[0, 0, 0, 0, 0, 0, 0, 0]","[0, 0, 0, 0, 0, 0, 0, 0]",3.0
Mainak Debnath,1,0.0,4.04,38,24,0,0,1,37,23.0,"[0, 0, 0, 0, 0, 0, 0, 0]","[0, 0, 0, 0, 0, 0, 0, 0]","[0, 0, 0, 0, 0, 0, 0, 0]",0.5
MalikIdreesHasanKhan,1,0.0,0.22,2,2,0,0,2,0,0.0,"[0, 0, 0, 0, 0, 0, 0, 0]","[0, 0, 0, 0, 0, 0, 0, 0]","[0, 0, 0, 0, 0, 0, 0, 0]",0.0
Marco Aurelio da Costa,2,0.0,0.7000000000000001,7,0,0,0,1,6,0.0,"[2, 0, 0, 0, 0, 0, 0, 0]","[0, 0, 0, 0, 0, 0, 0, 0]","[0, 0, 0, 0, 0, 0, 0, 0]",2.0
Marco Aurélio da Costa,1,0.0,0.7000000000000001,7,0,0,0,1,6,0.0,"[2, 0, 0, 0, 0, 0, 0, 0]","[0, 0, 0, 0, 0, 0, 0, 0]","[0, 0, 0, 0, 0, 0, 0, 0]",1.6666666666666667
Mark Harfouche,1,0.0,6.28,51,118,3,0,2,49,117.0,"[0, 0, 0, 0, 0, 0, 0, 0]","[0, 0, 0, 0, 0, 0, 3, 0]","[0, 0, 0, 0, 0, 0, 0, 0]",0.5454545454545454
MarsBarLee,4,0.0,0.0,0,0,0,0,0,0,0.0,"[0, 0, 0, 0, 0, 0, 0, 0]","[0, 0, 0, 0, 0, 0, 0, 0]","[0, 0, 0, 0, 0, 0, 0, 0]",0.0
Marta Lemanczyk,1,0.0,0.0,0,0,0,0,0,0,0.0,"[0, 0, 0, 0, 0, 0, 0, 0]","[0, 0, 0, 0, 0, 0, 0, 0]","[0, 0, 0, 0, 0, 0, 0, 0]",0.0
Marten van Kerkwijk,5,0.0,10.870000000000001,104,47,0,0,9,95,43.0,"[8, 0, 0, 0, 0, 0, 9, 0]","[0, 0, 0, 0, 0, 0, 0, 0]","[0, 0, 0, 0, 0, 0, 0, 0]",12.758620689655173
Martin Michlmayr,1,0.0,0.44,4,4,0,0,1,3,3.0,"[0, 0, 0, 0, 0, 0, 0, 0]","[0, 0, 0, 0, 0, 0, 0, 0]","[0, 0, 0, 0, 0, 0, 0, 0]",0.0
Mary,5,0.0,0.0,0,0,0,0,0,0,0.0,"[0, 0, 0, 0, 0, 0, 0, 0]","[0, 0, 0, 0, 0, 0, 0, 0]","[0, 0, 0, 0, 0, 0, 0, 0]",0.0
Marysia Winkels,1,0.0,0.31000000000000005,3,1,0,0,2,3,1.0,"[0, 0, 0, 0, 0, 0, 0, 0]","[0, 0, 0, 0, 0, 0, 0, 0]","[0, 0, 0, 0, 0, 0, 0, 0]",0.0
Mateusz Sokół,1,0.0,2.8200000000000003,28,2,0,0,0,28,2.0,"[0, 0, 0, 0, 3, 0, 6, 0]","[0, 0, 0, 0, 0, 0, 0, 0]","[0, 0, 0, 0, 0, 0, 0, 0]",2.0
Mathieu Lamarre,1,0.0,5.500000000000001,50,50,0,0,0,50,50.0,"[0, 0, 0, 0, 0, 0, 0, 0]","[0, 0, 0, 0, 0, 0, 0, 0]","[0, 0, 0, 0, 0, 0, 0, 0]",3.0
Matt,1,0.0,0.0,0,0,0,0,0,0,0.0,"[0, 0, 0, 0, 0, 0, 0, 0]","[0, 0, 0, 0, 0, 0, 0, 0]","[0, 0, 0, 0, 0, 0, 0, 0]",0.0
Matt Hall,1,0.0,0.55,5,5,0,0,0,5,5.0,"[0, 0, 0, 0, 0, 0, 0, 0]","[0, 0, 0, 0, 0, 0, 0, 0]","[0, 0, 0, 0, 0, 0, 0, 0]",0.0
Matt-Ord,1,0.0,0.0,0,0,0,0,0,0,0.0,"[0, 0, 0, 0, 0, 0, 0, 0]","[0, 0, 0, 0, 0, 0, 0, 0]","[0, 0, 0, 0, 0, 0, 0, 0]",0.0
MatteoRaso,1,0.0,0.91,9,1,0,0,0,9,1.0,"[1, 0, 0, 0, 0, 0, 0, 0]","[0, 0, 0, 0, 0, 0, 0, 0]","[0, 0, 0, 0, 0, 0, 0, 0]",0.0
Matthew,2,0.0,6.300000000000001,63,0,3,0,3,63,0.0,"[0, 0, 0, 0, 0, 0, 4, 0]","[0, 0, 0, 0, 0, 0, 3, 0]","[0, 0, 0, 0, 0, 0, 0, 0]",2.6521739130434785
Matthew Badin,4,0.0,13.670000000000002,128,87,0,0,13,117,81.0,"[6, 0, 0, 0, 1, 0, 11, 13]","[0, 0, 0, 0, 0, 0, 0, 0]","[0, 0, 0, 0, 0, 0, 0, 0]",2.169811320754717
Matthew Barber,5,0.0,4.430000000000001,43,13,1,0,4,39,13.0,"[0, 0, 0, 0, 0, 0, 5, 0]","[0, 0, 0, 0, 1, 0, 0, 0]","[0, 0, 0, 0, 0, 0, 0, 0]",9.0
Matthew Brett,6,0.0,7.29,71,19,0,0,5,67,16.0,"[0, 0, 0, 1, 7, 0, 4, 0]","[0, 0, 0, 0, 0, 0, 0, 0]","[0, 0, 0, 0, 0, 0, 0, 0]",2.571428571428571
Matthias Bussonnier,30,0.0,24.830000000000002,224,243,0,0,0,224,243.0,"[0, 0, 0, 0, 0, 0, 0, 0]","[0, 0, 0, 0, 0, 0, 0, 0]","[0, 0, 0, 0, 0, 0, 0, 0]",0.0
Matthias Geier,2,0.0,0.03,0,3,0,0,0,0,2.0,"[0, 0, 0, 0, 0, 0, 0, 0]","[0, 0, 0, 0, 0, 0, 0, 0]","[0, 0, 0, 0, 0, 0, 0, 0]",0.0
Matthieu Dartiailh,2,0.0,1.9000000000000001,19,0,0,0,7,19,0.0,"[0, 0, 0, 0, 0, 0, 0, 0]","[0, 0, 0, 0, 0, 0, 0, 0]","[0, 0, 0, 0, 0, 0, 0, 0]",0.0
Matti Picus,670,0.0,190.79000000000002,1467,4407,2,2,101,1375,4296.0,"[15, 0, 0, 1, 16, 0, 45, 0]","[0, 0, 0, 0, 2, 0, 0, 0]","[0, 0, 2, 0, 0, 0, 0, 0]",37.01793330816777
Max Balandat,1,0.0,2.4000000000000004,24,0,0,0,2,22,0.0,"[1, 0, 0, 0, 3, 0, 5, 0]","[0, 0, 0, 0, 0, 0, 0, 0]","[0, 0, 0, 0, 0, 0, 0, 0]",2.526315789473684
Max Kellermeier,12,0.0,10.72,100,72,0,0,9,92,65.0,"[1, 0, 0, 0, 14, 0, 5, 0]","[0, 0, 0, 0, 0, 0, 0, 0]","[0, 0, 0, 0, 0, 0, 0, 0]",9.666666666666666
Maxim Belkin,1,0.0,0.0,0,0,0,0,0,0,0.0,"[0, 0, 0, 0, 0, 0, 0, 0]","[0, 0, 0, 0, 0, 0, 0, 0]","[0, 0, 0, 0, 0, 0, 0, 0]",0.0
Maxwell Aladago,1,0.0,1.5,15,0,0,0,0,15,0.0,"[6, 0, 0, 0, 0, 0, 0, 0]","[0, 0, 0, 0, 0, 0, 0, 0]","[0, 0, 0, 0, 0, 0, 0, 0]",3.0
Maxwell Bileschi,1,0.0,0.11,1,1,0,0,0,1,1.0,"[0, 0, 0, 0, 0, 0, 0, 0]","[0, 0, 0, 0, 0, 0, 0, 0]","[0, 0, 0, 0, 0, 0, 0, 0]",0.0
Melissa Weber Mendonca,3,0.0,1.3800000000000001,13,8,0,0,3,10,5.0,"[0, 0, 0, 0, 0, 0, 1, 0]","[0, 0, 0, 0, 0, 0, 0, 0]","[0, 0, 0, 0, 0, 0, 0, 0]",0.0
Melissa Weber Mendonça,71,0.0,3.7800000000000002,37,6,0,0,0,37,6.0,"[0, 0, 0, 0, 1, 0, 0, 0]","[0, 0, 0, 0, 0, 0, 0, 0]","[0, 0, 0, 0, 0, 0, 0, 0]",0.0
MelissaWM,12,0.0,4.74,35,5,0,0,0,35,5.0,"[0, 0, 0, 0, 0, 0, 0, 0]","[0, 0, 0, 0, 0, 0, 0, 0]","[0, 0, 0, 0, 0, 0, 0, 0]",5.727272727272727
Mibu287,1,0.0,0.0,0,0,0,0,0,0,0.0,"[0, 0, 0, 0, 0, 0, 0, 0]","[0, 0, 0, 0, 0, 0, 0, 0]","[0, 0, 0, 0, 0, 0, 0, 0]",1.0
Michael Felt,1,0.0,0.51,5,1,0,0,1,4,1.0,"[0, 0, 0, 0, 0, 0, 0, 0]","[0, 0, 0, 0, 0, 0, 0, 0]","[0, 0, 0, 0, 0, 0, 0, 0]",3.0
Michael Hirsch,1,0.0,0.21000000000000002,2,1,0,0,0,2,1.0,"[0, 0, 0, 0, 0, 0, 0, 0]","[0, 0, 0, 0, 0, 0, 0, 0]","[0, 0, 0, 0, 0, 0, 0, 0]",0.0
Michael Lamparski,1,0.0,0.22,2,2,0,0,0,2,2.0,"[0, 0, 0, 0, 0, 0, 0, 0]","[0, 0, 0, 0, 0, 0, 0, 0]","[0, 0, 0, 0, 0, 0, 0, 0]",0.0
Michael McCann,1,0.0,0.11,1,1,0,0,0,1,1.0,"[0, 0, 0, 0, 0, 0, 0, 0]","[0, 0, 0, 0, 0, 0, 0, 0]","[0, 0, 0, 0, 0, 0, 0, 0]",0.0
Michal W. Tarnowski,1,0.0,2.16,21,6,0,0,0,21,6.0,"[0, 0, 0, 0, 0, 0, 0, 0]","[0, 0, 0, 0, 0, 0, 0, 0]","[0, 0, 0, 0, 0, 0, 0, 0]",0.0
Michał Górny,1,0.0,0.11,1,1,0,0,0,1,1.0,"[0, 0, 0, 0, 0, 0, 0, 0]","[0, 0, 0, 0, 0, 0, 0, 0]","[0, 0, 0, 0, 0, 0, 0, 0]",0.0
Mike Boyle,1,0.0,0.93,9,3,0,0,0,9,3.0,"[0, 0, 0, 0, 0, 0, 0, 0]","[0, 0, 0, 0, 0, 0, 0, 0]","[0, 0, 0, 0, 0, 0, 0, 0]",0.0
Mike Jarvis,1,0.0,4.42,41,32,0,0,0,41,32.0,"[0, 0, 0, 0, 0, 0, 0, 0]","[0, 0, 0, 0, 0, 0, 0, 0]","[0, 0, 0, 0, 0, 0, 0, 0]",0.0
Mike McCann,1,0.0,0.11,1,1,0,0,0,1,1.0,"[0, 0, 0, 0, 0, 0, 0, 0]","[0, 0, 0, 0, 0, 0, 0, 0]","[0, 0, 0, 0, 0, 0, 0, 0]",0.0
Mike Taves,21,0.0,47.6,416,600,0,0,14,411,579.0,"[0, 0, 0, 0, 0, 0, 16, 0]","[0, 0, 0, 0, 0, 0, 0, 0]","[0, 0, 0, 0, 0, 0, 0, 0]",11.92
Misal Raj,1,0.0,0.0,0,0,0,0,0,0,0.0,"[0, 0, 0, 0, 0, 0, 0, 0]","[0, 0, 0, 0, 0, 0, 0, 0]","[0, 0, 0, 0, 0, 0, 0, 0]",0.0
Mitchell Faas,4,0.0,1.6300000000000001,16,3,0,0,1,15,3.0,"[0, 0, 0, 0, 0, 0, 0, 0]","[0, 0, 0, 0, 0, 0, 0, 0]","[0, 0, 0, 0, 0, 0, 0, 0]",3.0
Mitchell-Faas,1,0.0,0.22,2,2,0,0,0,2,2.0,"[0, 0, 0, 0, 0, 0, 0, 0]","[0, 0, 0, 0, 0, 0, 0, 0]","[0, 0, 0, 0, 0, 0, 0, 0]",0.0
Muhammad Motawe,2,0.0,1.5500000000000003,15,5,0,0,0,15,5.0,"[0, 0, 0, 0, 0, 0, 0, 0]","[0, 0, 0, 0, 0, 0, 0, 0]","[0, 0, 0, 0, 0, 0, 0, 0]",0.0
Mukulika,34,0.0,2.0200000000000005,9,112,0,0,0,9,110.0,"[0, 0, 0, 0, 0, 0, 0, 0]","[0, 0, 0, 0, 0, 0, 0, 0]","[0, 0, 0, 0, 0, 0, 0, 0]",0.2753623188405797
Neal C,3,0.0,3.52,34,12,0,0,2,32,12.0,"[0, 0, 0, 0, 0, 0, 0, 0]","[0, 0, 0, 0, 0, 0, 0, 0]","[0, 0, 0, 0, 0, 0, 0, 0]",0.0
NectDz,1,0.0,0.8700000000000001,6,27,0,0,0,6,21.0,"[0, 0, 0, 0, 0, 0, 0, 0]","[0, 0, 0, 0, 0, 0, 0, 0]","[0, 0, 0, 0, 0, 0, 0, 0]",1.7391304347826086
Neil,1,0.0,0.01,0,0,0,0,0,0,0.0,"[0, 0, 0, 0, 0, 0, 0, 0]","[0, 0, 0, 0, 0, 0, 0, 0]","[0, 0, 0, 0, 0, 0, 0, 0]",0.0
Nicholas McKibben,2,0.0,7.720000000000001,77,2,0,0,12,65,1.0,"[0, 0, 0, 0, 0, 0, 0, 0]","[0, 0, 0, 0, 0, 0, 0, 0]","[0, 0, 0, 0, 0, 0, 0, 0]",2.0
Nick Pope,1,0.0,0.0,0,0,0,0,0,0,0.0,"[0, 0, 0, 0, 0, 0, 0, 0]","[0, 0, 0, 0, 0, 0, 0, 0]","[0, 0, 0, 0, 0, 0, 0, 0]",0.0
Nick R. Papior,1,0.0,11.54,112,34,1,0,6,106,30.0,"[0, 0, 0, 0, 11, 0, 7, 0]","[0, 0, 0, 0, 1, 0, 0, 0]","[0, 0, 0, 0, 0, 0, 0, 0]",2.34375
Nico Schlömer,2,0.0,0.7100000000000001,5,5,0,0,0,5,5.0,"[0, 0, 0, 0, 0, 0, 0, 0]","[0, 0, 0, 0, 0, 0, 0, 0]","[0, 0, 0, 0, 0, 0, 0, 0]",0.0
Nicolas Hug,1,0.0,0.0,0,0,0,0,0,0,0.0,"[0, 0, 0, 0, 0, 0, 0, 0]","[0, 0, 0, 0, 0, 0, 0, 0]","[0, 0, 0, 0, 0, 0, 0, 0]",0.0
Niels Dunnewind,1,0.0,0.0,0,0,0,0,0,0,0.0,"[0, 0, 0, 0, 0, 0, 0, 0]","[0, 0, 0, 0, 0, 0, 0, 0]","[0, 0, 0, 0, 0, 0, 0, 0]",0.0
Niko Savola,1,0.0,0.33000000000000007,3,3,0,0,0,3,3.0,"[0, 0, 0, 0, 0, 0, 0, 0]","[0, 0, 0, 0, 0, 0, 0, 0]","[0, 0, 0, 0, 0, 0, 0, 0]",0.0
Nikola Forró,2,0.0,8.38,76,78,0,0,5,71,73.0,"[0, 0, 0, 0, 0, 0, 4, 0]","[0, 0, 0, 0, 0, 0, 0, 0]","[0, 0, 0, 0, 0, 0, 0, 0]",0.0
Nilo Kruchelski,1,0.0,0.32000000000000006,3,2,0,0,0,3,2.0,"[0, 0, 0, 0, 0, 0, 0, 0]","[0, 0, 0, 0, 0, 0, 0, 0]","[0, 0, 0, 0, 0, 0, 0, 0]",0.0
Nirjas Jakilim,1,0.0,0.0,0,0,0,0,0,0,0.0,"[0, 0, 0, 0, 0, 0, 0, 0]","[0, 0, 0, 0, 0, 0, 0, 0]","[0, 0, 0, 0, 0, 0, 0, 0]",0.0
Niyas Sait,2,0.0,0.21000000000000002,2,1,0,0,0,2,1.0,"[0, 0, 0, 0, 0, 0, 0, 0]","[0, 0, 0, 0, 0, 0, 0, 0]","[0, 0, 0, 0, 0, 0, 0, 0]",2.0
Noman Arshad,2,0.0,0.52,5,2,0,0,0,5,2.0,"[0, 0, 0, 0, 0, 0, 0, 0]","[0, 0, 0, 0, 0, 0, 0, 0]","[0, 0, 0, 0, 0, 0, 0, 0]",3.0
Ohad Ravid,1,0.0,1.06,10,6,0,0,2,8,6.0,"[0, 0, 0, 1, 0, 0, 0, 0]","[0, 0, 0, 0, 0, 0, 0, 0]","[0, 0, 0, 0, 0, 0, 0, 0]",1.0
Olivier Grisel,1,0.0,0.51,5,1,0,0,2,3,1.0,"[0, 0, 0, 0, 0, 0, 0, 0]","[0, 0, 0, 0, 0, 0, 0, 0]","[0, 0, 0, 0, 0, 0, 0, 0]",0.0
Pamphile ROY,7,0.0,1.11,10,11,0,0,0,10,11.0,"[0, 0, 0, 0, 0, 0, 0, 0]","[0, 0, 0, 0, 0, 0, 0, 0]","[0, 0, 0, 0, 0, 0, 0, 0]",0.0
Pan Jan,12,0.0,18.53,183,23,1,0,1,182,23.0,"[5, 0, 0, 0, 3, 0, 9, 0]","[0, 0, 0, 0, 0, 0, 0, 1]","[0, 0, 0, 0, 0, 0, 0, 0]",11.24006001500375
Patrick,1,0.0,0.11,1,1,0,0,0,1,1.0,"[0, 0, 0, 0, 0, 0, 0, 0]","[0, 0, 0, 0, 0, 0, 0, 0]","[0, 0, 0, 0, 0, 0, 0, 0]",0.0
Patrick T. Komiske III,1,0.0,0.0,0,0,0,0,0,0,0.0,"[0, 0, 0, 0, 0, 0, 0, 0]","[0, 0, 0, 0, 0, 0, 0, 0]","[0, 0, 0, 0, 0, 0, 0, 0]",0.0
Paul,3,0.0,0.56,5,3,0,0,0,5,3.0,"[0, 0, 0, 0, 0, 0, 0, 0]","[0, 0, 0, 0, 0, 0, 0, 0]","[0, 0, 0, 0, 0, 0, 0, 0]",0.0
Paul Rougieux,1,0.0,1.34,13,4,0,0,0,13,4.0,"[0, 0, 0, 0, 0, 0, 0, 0]","[0, 0, 0, 0, 0, 0, 0, 0]","[0, 0, 0, 0, 0, 0, 0, 0]",0.0
Pauli Virtanen,37,0.0,83.76,801,366,5,9,148,739,350.0,"[16, 0, 0, 1, 29, 0, 35, 0]","[0, 0, 0, 0, 5, 0, 0, 0]","[0, 0, 2, 0, 7, 0, 0, 0]",27.140225396378646
Paweł Redzyński,1,0.0,0.11,1,1,0,0,0,1,1.0,"[0, 0, 0, 0, 0, 0, 0, 0]","[0, 0, 0, 0, 0, 0, 0, 0]","[0, 0, 0, 0, 0, 0, 0, 0]",0.0
Pax,2,0.0,8.21,81,11,0,0,0,81,11.0,"[0, 0, 0, 0, 0, 0, 1, 0]","[0, 0, 0, 0, 0, 0, 0, 0]","[0, 0, 0, 0, 0, 0, 0, 0]",2.0
Pearu Peterson,44,0.0,350.24,3427,754,14,10,247,3205,702.0,"[66, 0, 0, 17, 23, 0, 102, 0]","[0, 0, 0, 0, 12, 0, 2, 0]","[0, 0, 10, 0, 0, 0, 0, 0]",40.42805263768041
Peter Andreas Entschev,37,0.0,64.34,627,164,13,1,4,623,163.0,"[4, 0, 0, 0, 31, 0, 10, 0]","[0, 0, 0, 0, 13, 0, 0, 0]","[0, 0, 1, 0, 0, 0, 0, 0]",13.966370558375635
Peter Hawkins,1,0.0,0.0,0,0,0,0,0,0,0.0,"[0, 0, 0, 0, 0, 0, 0, 0]","[0, 0, 0, 0, 0, 0, 0, 0]","[0, 0, 0, 0, 0, 0, 0, 0]",0.0
Peter Tillema,1,0.0,0.0,0,0,0,0,0,0,0.0,"[0, 0, 0, 0, 0, 0, 0, 0]","[0, 0, 0, 0, 0, 0, 0, 0]","[0, 0, 0, 0, 0, 0, 0, 0]",0.0
Petre-Flaviu Gostin,1,0.0,1.1,11,0,0,0,2,11,0.0,"[0, 0, 0, 0, 0, 0, 0, 0]","[0, 0, 0, 0, 0, 0, 0, 0]","[0, 0, 0, 0, 0, 0, 0, 0]",0.0
PhanatosZou,1,0.0,0.11,1,1,0,0,0,1,1.0,"[0, 0, 0, 0, 0, 0, 0, 0]","[0, 0, 0, 0, 0, 0, 0, 0]","[0, 0, 0, 0, 0, 0, 0, 0]",0.0
Philippe Ombredanne,1,0.0,0.0,0,0,0,0,0,0,0.0,"[0, 0, 0, 0, 0, 0, 0, 0]","[0, 0, 0, 0, 0, 0, 0, 0]","[0, 0, 0, 0, 0, 0, 0, 0]",0.0
Phoenix Meadowlark,1,0.0,0.11,1,1,0,0,0,1,1.0,"[0, 0, 0, 0, 0, 0, 0, 0]","[0, 0, 0, 0, 0, 0, 0, 0]","[0, 0, 0, 0, 0, 0, 0, 0]",0.0
Pierre de Buyl,14,0.0,0.9600000000000002,9,6,0,0,0,9,6.0,"[0, 0, 0, 0, 0, 0, 0, 0]","[0, 0, 0, 0, 0, 0, 0, 0]","[0, 0, 0, 0, 0, 0, 0, 0]",0.0
Prathmesh Shirsat,1,0.0,0.1,1,0,0,0,0,1,0.0,"[0, 0, 0, 0, 0, 0, 0, 0]","[0, 0, 0, 0, 0, 0, 0, 0]","[0, 0, 0, 0, 0, 0, 0, 0]",0.0
Qiyu8,100,0.0,13.99,136,39,0,0,20,119,37.0,"[1, 0, 0, 0, 4, 0, 13, 0]","[0, 0, 0, 0, 0, 0, 0, 0]","[0, 0, 0, 0, 0, 0, 0, 0]",62.6969361387966
Raghav Khanna,1,0.0,0.33000000000000007,3,3,0,0,0,3,3.0,"[0, 0, 0, 0, 0, 0, 0, 0]","[0, 0, 0, 0, 0, 0, 0, 0]","[0, 0, 0, 0, 0, 0, 0, 0]",0.0
Raghuveer Devulapalli,59,0.0,85.87,834,247,4,9,15,821,245.0,"[11, 0, 0, 3, 48, 0, 102, 0]","[0, 0, 0, 0, 4, 0, 0, 0]","[0, 0, 7, 0, 0, 1, 0, 1]",55.291553759349654
Rakesh Vasudevan,2,0.0,8.25,82,5,0,0,4,78,5.0,"[6, 0, 0, 0, 9, 0, 7, 0]","[0, 0, 0, 0, 0, 0, 0, 0]","[0, 0, 0, 0, 0, 0, 0, 0]",5.0
Ralf Gommers,196,0.0,27.290000000000003,230,422,0,0,13,221,412.0,"[1, 0, 0, 1, 4, 0, 8, 0]","[0, 0, 0, 0, 0, 0, 0, 0]","[0, 0, 0, 0, 0, 0, 0, 0]",16.92982456140351
Raphael Kruse,2,0.0,1.6500000000000001,16,5,0,0,0,16,5.0,"[0, 0, 0, 0, 0, 0, 0, 0]","[0, 0, 0, 0, 0, 0, 0, 0]","[0, 0, 0, 0, 0, 0, 0, 0]",0.0
Rashmi K A,1,0.0,22.26,222,6,0,0,0,222,6.0,"[0, 0, 0, 0, 0, 0, 0, 0]","[0, 0, 0, 0, 0, 0, 0, 0]","[0, 0, 0, 0, 0, 0, 0, 0]",0.0
Raúl Montón Pinillos,3,0.0,0.9000000000000001,9,0,0,0,0,9,0.0,"[3, 0, 0, 0, 0, 0, 3, 0]","[0, 0, 0, 0, 0, 0, 0, 0]","[0, 0, 0, 0, 0, 0, 0, 0]",3.0
RenaRuirui,1,0.0,3.12,31,2,0,0,9,22,1.0,"[0, 0, 0, 0, 4, 0, 0, 0]","[0, 0, 0, 0, 0, 0, 0, 0]","[0, 0, 0, 0, 0, 0, 0, 0]",2.764705882352941
Rin Arakaki,2,0.0,0.0,0,0,0,0,0,0,0.0,"[0, 0, 0, 0, 0, 0, 0, 0]","[0, 0, 0, 0, 0, 0, 0, 0]","[0, 0, 0, 0, 0, 0, 0, 0]",0.0
Robert Kern,16,0.0,8.0,79,10,0,2,6,73,10.0,"[0, 0, 0, 0, 3, 0, 6, 0]","[0, 0, 0, 0, 0, 0, 0, 0]","[0, 0, 2, 0, 0, 0, 0, 0]",10.723144784639336
Rohit Goswami,36,0.0,230.70000000000002,2030,2770,1,5,132,1986,2736.0,"[1, 0, 0, 0, 0, 0, 19, 0]","[0, 0, 0, 0, 0, 0, 1, 0]","[0, 0, 5, 0, 0, 0, 0, 0]",11.546313368164359
Rohit Sanjay,4,0.0,1.8100000000000003,18,1,0,0,0,18,1.0,"[0, 0, 0, 0, 0, 0, 0, 0]","[0, 0, 0, 0, 0, 0, 0, 0]","[0, 0, 0, 0, 0, 0, 0, 0]",1.0
Roman Yurchak,4,0.0,0.48000000000000004,3,18,0,0,0,3,18.0,"[0, 0, 0, 0, 0, 0, 0, 0]","[0, 0, 0, 0, 0, 0, 0, 0]","[0, 0, 0, 0, 0, 0, 0, 0]",0.0
Ronan Lamy,2,0.0,0.0,0,0,0,0,0,0,0.0,"[0, 0, 0, 0, 0, 0, 0, 0]","[0, 0, 0, 0, 0, 0, 0, 0]","[0, 0, 0, 0, 0, 0, 0, 0]",0.0
Ross Barnowski,104,0.0,136.03,1306,538,2,3,61,1247,519.0,"[29, 0, 0, 0, 15, 0, 36, 0]","[0, 0, 0, 0, 2, 0, 0, 0]","[0, 0, 3, 0, 0, 0, 0, 0]",21.046920563097036
Royston E Tauro,6,0.0,0.0,0,0,0,0,0,0,0.0,"[0, 0, 0, 0, 0, 0, 0, 0]","[0, 0, 0, 0, 0, 0, 0, 0]","[0, 0, 0, 0, 0, 0, 0, 0]",0.0
Ryan,1,0.0,2.08,20,8,0,0,1,19,8.0,"[2, 0, 0, 0, 1, 0, 0, 0]","[0, 0, 0, 0, 0, 0, 0, 0]","[0, 0, 0, 0, 0, 0, 0, 0]",0.4444444444444444
Ryan C Cooper,4,0.0,0.0,0,0,0,0,0,0,0.0,"[0, 0, 0, 0, 0, 0, 0, 0]","[0, 0, 0, 0, 0, 0, 0, 0]","[0, 0, 0, 0, 0, 0, 0, 0]",0.0
Ryan Polley,5,0.0,30.17,279,227,0,1,15,266,218.0,"[4, 0, 0, 2, 4, 0, 3, 0]","[0, 0, 0, 0, 0, 0, 0, 0]","[0, 0, 1, 0, 0, 0, 0, 0]",5.0
Ryan Soklaski,3,0.0,0.44,4,4,0,0,1,4,4.0,"[0, 0, 0, 0, 0, 0, 0, 0]","[0, 0, 0, 0, 0, 0, 0, 0]","[0, 0, 0, 0, 0, 0, 0, 0]",0.0
SabrinaSimao,2,0.0,0.8400000000000001,8,4,0,0,0,8,4.0,"[0, 0, 0, 0, 0, 0, 0, 0]","[0, 0, 0, 0, 0, 0, 0, 0]","[0, 0, 0, 0, 0, 0, 0, 0]",0.0
Safouane Chergui,1,0.0,0.0,0,0,0,0,0,0,0.0,"[0, 0, 0, 0, 0, 0, 0, 0]","[0, 0, 0, 0, 0, 0, 0, 0]","[0, 0, 0, 0, 0, 0, 0, 0]",0.0
Sahil Siddiq,1,0.0,0.44,4,4,0,0,0,4,4.0,"[0, 0, 0, 0, 0, 0, 0, 0]","[0, 0, 0, 0, 0, 0, 0, 0]","[0, 0, 0, 0, 0, 0, 0, 0]",0.0
Samyak S Sarnayak,1,0.0,5.770000000000001,53,47,0,0,0,53,47.0,"[0, 0, 0, 0, 0, 0, 0, 0]","[0, 0, 0, 0, 0, 0, 0, 0]","[0, 0, 0, 0, 0, 0, 0, 0]",0.0
SanthoshBala18,1,0.0,0.7100000000000001,7,1,1,0,0,7,1.0,"[0, 0, 0, 0, 0, 0, 0, 0]","[0, 0, 0, 0, 1, 0, 0, 0]","[0, 0, 0, 0, 0, 0, 0, 0]",3.0
Sarthak Vineet Kumar,1,0.0,0.37000000000000005,3,7,0,0,0,3,7.0,"[0, 0, 0, 0, 0, 0, 0, 0]","[0, 0, 0, 0, 0, 0, 0, 0]","[0, 0, 0, 0, 0, 0, 0, 0]",1.0
Sayantika Banik,5,0.0,1.32,13,2,1,0,0,13,2.0,"[0, 0, 0, 0, 3, 0, 0, 0]","[0, 0, 0, 0, 1, 0, 0, 0]","[0, 0, 0, 0, 0, 0, 0, 0]",1.3333333333333333
Sayed Adel,134,0.0,624.0,6162,780,4,3,407,5819,746.0,"[60, 0, 0, 0, 229, 0, 254, 0]","[0, 0, 0, 0, 4, 0, 0, 0]","[0, 0, 0, 3, 0, 0, 0, 0]",144.05382361925743
Scian,1,0.0,0.01,0,0,0,0,0,0,0.0,"[0, 0, 0, 0, 0, 0, 0, 0]","[0, 0, 0, 0, 0, 0, 0, 0]","[0, 0, 0, 0, 0, 0, 0, 0]",0.0
Sebastian Berg,764,0.0,705.57,6805,2507,32,22,962,5970,2382.0,"[86, 0, 7, 1, 176, 0, 464, 4]","[0, 0, 0, 0, 30, 0, 0, 2]","[0, 0, 22, 0, 0, 0, 0, 0]",585.0507224637307
Seth Troisi,43,0.0,107.96000000000001,875,2046,3,1,95,796,1819.0,"[0, 0, 0, 0, 4, 0, 7, 0]","[0, 0, 0, 0, 3, 0, 0, 0]","[0, 0, 1, 0, 0, 0, 0, 0]",42.11024270734749
Sha Liu,1,0.0,1.3800000000000001,13,8,0,0,1,12,7.0,"[0, 0, 0, 0, 0, 0, 3, 0]","[0, 0, 0, 0, 0, 0, 0, 0]","[0, 0, 0, 0, 0, 0, 0, 0]",1.0
Shriraj Hegde,1,0.0,0.12000000000000001,1,2,0,0,0,1,2.0,"[0, 0, 0, 0, 0, 0, 0, 0]","[0, 0, 0, 0, 0, 0, 0, 0]","[0, 0, 0, 0, 0, 0, 0, 0]",0.0
Siba Smarak Panigrahi,1,0.0,0.0,0,0,0,0,0,0,0.0,"[0, 0, 0, 0, 0, 0, 0, 0]","[0, 0, 0, 0, 0, 0, 0, 0]","[0, 0, 0, 0, 0, 0, 0, 0]",0.0
Sidhant Bansal,1,0.0,1.9000000000000004,18,10,0,0,2,16,10.0,"[0, 0, 0, 0, 1, 0, 2, 0]","[0, 0, 0, 0, 0, 0, 0, 0]","[0, 0, 0, 0, 0, 0, 0, 0]",2.0
Simon Gasse,1,0.0,27.89,274,49,0,0,12,264,48.0,"[12, 0, 0, 0, 8, 0, 19, 0]","[0, 0, 0, 0, 0, 0, 0, 0]","[0, 0, 0, 0, 0, 0, 0, 0]",2.0
Simon Graham,6,0.0,1.21,12,1,0,0,3,9,0.0,"[2, 0, 0, 0, 0, 0, 0, 0]","[0, 0, 0, 0, 0, 0, 0, 0]","[0, 0, 0, 0, 0, 0, 0, 0]",10.0
Sista Seetaram,7,0.0,2.0,19,10,0,0,0,19,10.0,"[0, 0, 0, 0, 0, 0, 0, 0]","[0, 0, 0, 0, 0, 0, 0, 0]","[0, 0, 0, 0, 0, 0, 0, 0]",0.0
Soumya,1,0.0,0.8,8,0,0,0,0,8,0.0,"[0, 0, 0, 0, 0, 0, 0, 0]","[0, 0, 0, 0, 0, 0, 0, 0]","[0, 0, 0, 0, 0, 0, 0, 0]",0.0
Stefan Appelhoff,1,0.0,0.33000000000000007,3,3,0,0,1,2,2.0,"[0, 0, 0, 0, 0, 0, 0, 0]","[0, 0, 0, 0, 0, 0, 0, 0]","[0, 0, 0, 0, 0, 0, 0, 0]",0.0
Stefan van der Walt,10,0.0,2.77,25,23,0,0,2,23,22.0,"[0, 0, 0, 0, 0, 0, 0, 0]","[0, 0, 0, 0, 0, 0, 0, 0]","[0, 0, 0, 0, 0, 0, 0, 0]",0.0
Stephan Hoyer,2,0.0,0.0,0,0,0,0,0,0,0.0,"[0, 0, 0, 0, 0, 0, 0, 0]","[0, 0, 0, 0, 0, 0, 0, 0]","[0, 0, 0, 0, 0, 0, 0, 0]",0.0
Stephannie Jimenez Gacha,1,0.0,24.840000000000003,242,64,0,0,17,225,64.0,"[0, 0, 0, 0, 4, 0, 8, 0]","[0, 0, 0, 0, 0, 0, 0, 0]","[0, 0, 0, 0, 0, 0, 0, 0]",2.2153846153846155
Steve Dower,3,0.0,1.3900000000000001,13,9,0,0,3,10,9.0,"[0, 0, 0, 0, 0, 0, 0, 0]","[0, 0, 0, 0, 0, 0, 0, 0]","[0, 0, 0, 0, 0, 0, 0, 0]",2.0
Steve Joachim,1,0.0,2.3400000000000003,23,4,1,0,1,22,4.0,"[0, 0, 0, 0, 1, 0, 1, 0]","[0, 0, 0, 0, 1, 0, 0, 0]","[0, 0, 0, 0, 0, 0, 0, 0]",3.0
Steven Pitman,1,0.0,0.7000000000000001,7,0,0,0,3,4,0.0,"[0, 0, 0, 0, 0, 0, 0, 0]","[0, 0, 0, 0, 0, 0, 0, 0]","[0, 0, 0, 0, 0, 0, 0, 0]",0.0
Stuart Archibald,1,0.0,0.01,0,0,0,0,0,0,0.0,"[0, 0, 0, 0, 0, 0, 0, 0]","[0, 0, 0, 0, 0, 0, 0, 0]","[0, 0, 0, 0, 0, 0, 0, 0]",0.0
Sturla Molden,1,0.0,2.71,27,1,0,0,5,22,1.0,"[0, 0, 0, 0, 1, 0, 1, 0]","[0, 0, 0, 0, 0, 0, 0, 0]","[0, 0, 0, 0, 0, 0, 0, 0]",3.0
Susan Chang,3,0.0,0.0,0,0,0,0,0,0,0.0,"[0, 0, 0, 0, 0, 0, 0, 0]","[0, 0, 0, 0, 0, 0, 0, 0]","[0, 0, 0, 0, 0, 0, 0, 0]",0.0
Sylwester Arabas,1,0.0,0.11,1,1,0,0,0,1,1.0,"[0, 0, 0, 0, 0, 0, 0, 0]","[0, 0, 0, 0, 0, 0, 0, 0]","[0, 0, 0, 0, 0, 0, 0, 0]",0.0
Takanori H,14,0.0,4.540000000000001,43,24,1,0,0,43,24.0,"[0, 0, 0, 0, 1, 0, 1, 0]","[0, 0, 0, 0, 1, 0, 0, 0]","[0, 0, 0, 0, 0, 0, 0, 0]",3.0
Tania Allard,17,0.0,0.2,2,0,0,0,0,2,0.0,"[0, 0, 0, 0, 1, 0, 0, 0]","[0, 0, 0, 0, 0, 0, 0, 0]","[0, 0, 0, 0, 0, 0, 0, 0]",0.0
Tapajyoti Bose,2,0.0,0.9500000000000001,9,5,0,0,0,9,5.0,"[0, 0, 0, 0, 0, 0, 0, 0]","[0, 0, 0, 0, 0, 0, 0, 0]","[0, 0, 0, 0, 0, 0, 0, 0]",0.0
Thomas A Caswell,6,0.0,0.11,1,1,0,0,0,1,1.0,"[0, 0, 0, 0, 0, 0, 0, 0]","[0, 0, 0, 0, 0, 0, 0, 0]","[0, 0, 0, 0, 0, 0, 0, 0]",0.0
Thomas Green,1,0.0,0.0,0,0,0,0,0,0,0.0,"[0, 0, 0, 0, 0, 0, 0, 0]","[0, 0, 0, 0, 0, 0, 0, 0]","[0, 0, 0, 0, 0, 0, 0, 0]",0.0
Thomas J. Fan,21,0.0,7.0200000000000005,70,2,0,0,5,65,2.0,"[0, 0, 0, 0, 4, 0, 1, 0]","[0, 0, 0, 0, 0, 0, 0, 0]","[0, 0, 0, 0, 0, 0, 0, 0]",7.208333333333333
Thomas Li,4,0.0,0.11,1,1,0,0,0,1,1.0,"[0, 0, 0, 0, 0, 0, 0, 0]","[0, 0, 0, 0, 0, 0, 0, 0]","[0, 0, 0, 0, 0, 0, 0, 0]",0.0
Till Hoffmann,2,0.0,0.6000000000000001,6,0,0,0,0,6,0.0,"[2, 0, 0, 0, 0, 0, 0, 0]","[0, 0, 0, 0, 0, 0, 0, 0]","[0, 0, 0, 0, 0, 0, 0, 0]",3.0
Tim Hoffmann,14,0.0,11.82,111,72,0,0,2,111,72.0,"[0, 0, 0, 0, 0, 0, 0, 0]","[0, 0, 0, 0, 0, 0, 0, 0]","[0, 0, 0, 0, 0, 0, 0, 0]",0.0
Tina Oberoi,2,0.0,1.34,13,4,0,0,0,13,4.0,"[0, 0, 0, 0, 0, 0, 0, 0]","[0, 0, 0, 0, 0, 0, 0, 0]","[0, 0, 0, 0, 0, 0, 0, 0]",0.0
Tirth Patel,1,0.0,2.85,27,15,0,0,3,24,14.0,"[0, 0, 0, 0, 0, 0, 4, 0]","[0, 0, 0, 0, 0, 0, 0, 0]","[0, 0, 0, 0, 0, 0, 0, 0]",2.8333333333333335
Tobias Pitters,17,0.0,13.350000000000001,127,65,0,1,15,114,55.0,"[3, 0, 0, 0, 5, 0, 5, 0]","[0, 0, 0, 0, 0, 0, 0, 0]","[0, 0, 1, 0, 0, 0, 0, 0]",18.666666666666668
Tom Tan,1,0.0,0.64,6,4,0,0,0,6,4.0,"[0, 0, 0, 0, 0, 0, 0, 0]","[0, 0, 0, 0, 0, 0, 0, 0]","[0, 0, 0, 0, 0, 0, 0, 0]",2.0
"Tomoki, Karatsu",1,0.0,4.8100000000000005,48,1,0,0,2,46,1.0,"[0, 0, 0, 0, 0, 0, 0, 0]","[0, 0, 0, 0, 0, 0, 0, 0]","[0, 0, 0, 0, 0, 0, 0, 0]",3.0
Touqir Sajed,12,0.0,1.5500000000000003,15,5,0,0,2,13,5.0,"[0, 0, 0, 0, 0, 0, 0, 0]","[0, 0, 0, 0, 0, 0, 0, 0]","[0, 0, 0, 0, 0, 0, 0, 0]",14.876059654631083
Tyler Reddy,18,0.0,10.82,103,52,0,0,6,97,52.0,"[1, 0, 0, 0, 4, 0, 2, 0]","[0, 0, 0, 0, 0, 0, 0, 0]","[0, 0, 0, 0, 0, 0, 0, 0]",6.545454545454545
Veniamin Petrenko,1,0.0,0.4,4,0,0,0,1,3,0.0,"[0, 0, 0, 0, 0, 0, 0, 0]","[0, 0, 0, 0, 0, 0, 0, 0]","[0, 0, 0, 0, 0, 0, 0, 0]",3.0
Vijay Arora,1,0.0,0.0,0,0,0,0,0,0,0.0,"[0, 0, 0, 0, 0, 0, 0, 0]","[0, 0, 0, 0, 0, 0, 0, 0]","[0, 0, 0, 0, 0, 0, 0, 0]",0.0
Wansoo Kim,4,0.0,2.02,18,22,0,0,1,18,22.0,"[1, 0, 0, 0, 1, 0, 2, 0]","[0, 0, 0, 0, 0, 0, 0, 0]","[0, 0, 0, 0, 0, 0, 0, 0]",2.0
Warren Weckesser,70,0.0,100.17,814,1877,2,0,97,722,1770.0,"[31, 0, 0, 0, 5, 0, 42, 0]","[0, 0, 0, 0, 0, 0, 2, 0]","[0, 0, 0, 0, 0, 0, 0, 0]",45.33837619180136
Weh Andreas,1,0.0,0.22,2,2,0,0,0,2,2.0,"[0, 0, 0, 0, 0, 0, 0, 0]","[0, 0, 0, 0, 0, 0, 0, 0]","[0, 0, 0, 0, 0, 0, 0, 0]",0.0
Wei Yang,1,0.0,0.71,2,51,0,0,0,2,49.0,"[0, 0, 0, 0, 0, 0, 0, 0]","[0, 0, 0, 0, 0, 0, 0, 0]","[0, 0, 0, 0, 0, 0, 0, 0]",1.4285714285714286
Wojciech Rzadkowski,4,0.0,0.68,6,8,0,0,0,6,8.0,"[0, 0, 0, 0, 0, 0, 0, 0]","[0, 0, 0, 0, 0, 0, 0, 0]","[0, 0, 0, 0, 0, 0, 0, 0]",0.0
Xavier Thomas,12,0.0,2.64,24,24,0,0,0,24,24.0,"[0, 0, 0, 1, 0, 0, 2, 0]","[0, 0, 0, 0, 0, 0, 0, 0]","[0, 0, 0, 0, 0, 0, 0, 0]",4.0
Yang Hau,1,0.0,0.21000000000000002,2,1,0,0,0,2,1.0,"[0, 0, 0, 0, 0, 0, 0, 0]","[0, 0, 0, 0, 0, 0, 0, 0]","[0, 0, 0, 0, 0, 0, 0, 0]",0.0
Yashasvi Misra,11,0.0,4.33,42,13,0,0,5,37,11.0,"[0, 0, 0, 0, 1, 0, 2, 0]","[0, 0, 0, 0, 0, 0, 0, 0]","[0, 0, 0, 0, 0, 0, 0, 0]",8.0
Yilin LI,1,0.0,1.31,13,1,0,0,0,13,1.0,"[1, 0, 0, 0, 0, 0, 1, 0]","[0, 0, 0, 0, 0, 0, 0, 0]","[0, 0, 0, 0, 0, 0, 0, 0]",2.1818181818181817
"Yoon, Jee Seok",1,0.0,0.8200000000000001,8,2,0,0,0,8,2.0,"[0, 0, 0, 0, 0, 0, 0, 0]","[0, 0, 0, 0, 0, 0, 0, 0]","[0, 0, 0, 0, 0, 0, 0, 0]",0.0
Yu Feng,1,0.0,0.8400000000000001,8,4,0,0,4,4,2.0,"[0, 0, 0, 0, 1, 0, 0, 0]","[0, 0, 0, 0, 0, 0, 0, 0]","[0, 0, 0, 0, 0, 0, 0, 0]",2.0
Yuval Ofek,1,0.0,0.0,0,0,0,0,0,0,0.0,"[0, 0, 0, 0, 0, 0, 0, 0]","[0, 0, 0, 0, 0, 0, 0, 0]","[0, 0, 0, 0, 0, 0, 0, 0]",0.0
Yuya Unno,1,0.0,0.4,4,0,0,0,1,4,0.0,"[0, 0, 0, 0, 0, 0, 0, 0]","[0, 0, 0, 0, 0, 0, 0, 0]","[0, 0, 0, 0, 0, 0, 0, 0]",0.0
ZHANG NA,2,0.0,0.0,0,0,0,0,0,0,0.0,"[0, 0, 0, 0, 0, 0, 0, 0]","[0, 0, 0, 0, 0, 0, 0, 0]","[0, 0, 0, 0, 0, 0, 0, 0]",0.0
Zac-HD,7,0.0,16.450000000000003,158,65,0,0,45,114,41.0,"[3, 0, 0, 0, 7, 0, 6, 0]","[0, 0, 0, 0, 0, 0, 0, 0]","[0, 0, 0, 0, 0, 0, 0, 0]",8.0
Zuhair Ali-Khan,1,0.0,1.52,14,12,0,0,0,14,12.0,"[0, 0, 0, 0, 0, 0, 0, 0]","[0, 0, 0, 0, 0, 0, 0, 0]","[0, 0, 0, 0, 0, 0, 0, 0]",0.0
Zé Vinícius,1,0.0,0.42000000000000004,4,2,0,0,0,4,2.0,"[0, 0, 0, 0, 0, 0, 0, 0]","[0, 0, 0, 0, 0, 0, 0, 0]","[0, 0, 0, 0, 0, 0, 0, 0]",0.0
a-elhag,1,0.0,0.7000000000000001,7,0,0,0,0,7,0.0,"[1, 0, 0, 0, 0, 0, 0, 0]","[0, 0, 0, 0, 0, 0, 0, 0]","[0, 0, 0, 0, 0, 0, 0, 0]",1.875
abatomunkuev,1,0.0,0.8200000000000001,8,2,0,0,0,8,2.0,"[0, 0, 0, 0, 0, 0, 0, 0]","[0, 0, 0, 0, 0, 0, 0, 0]","[0, 0, 0, 0, 0, 0, 0, 0]",1.0
abel,12,0.0,101.23,975,373,13,0,67,912,340.0,"[4, 0, 1, 3, 25, 0, 50, 0]","[0, 0, 0, 0, 11, 0, 2, 0]","[0, 0, 0, 0, 0, 0, 0, 0]",14.424242424242424
abhilash42,6,0.0,2.75,25,25,0,0,0,25,25.0,"[0, 0, 0, 0, 0, 0, 0, 0]","[0, 0, 0, 0, 0, 0, 0, 0]","[0, 0, 0, 0, 0, 0, 0, 0]",0.0
aerikpawson,2,0.0,0.03,0,0,0,0,0,0,0.0,"[0, 0, 0, 0, 0, 0, 0, 0]","[0, 0, 0, 0, 0, 0, 0, 0]","[0, 0, 0, 0, 0, 0, 0, 0]",0.0
and-sang,1,0.0,0.6500000000000001,6,5,0,0,0,6,5.0,"[0, 0, 0, 0, 0, 0, 0, 0]","[0, 0, 0, 0, 0, 0, 0, 0]","[0, 0, 0, 0, 0, 0, 0, 0]",0.0
andryandrew,1,0.0,0.11,1,1,0,0,0,1,1.0,"[0, 0, 0, 0, 0, 0, 0, 0]","[0, 0, 0, 0, 0, 0, 0, 0]","[0, 0, 0, 0, 0, 0, 0, 0]",0.0
ashutosh619-sudo,2,0.0,0.33,3,3,0,0,0,3,3.0,"[0, 0, 0, 0, 0, 0, 0, 0]","[0, 0, 0, 0, 0, 0, 0, 0]","[0, 0, 0, 0, 0, 0, 0, 0]",0.0
bartosz-grabowski,1,0.0,0.22,2,2,0,0,0,2,2.0,"[0, 0, 0, 0, 0, 0, 0, 0]","[0, 0, 0, 0, 0, 0, 0, 0]","[0, 0, 0, 0, 0, 0, 0, 0]",0.0
bbrewington,2,0.0,0.0,0,0,0,0,0,0,0.0,"[0, 0, 0, 0, 0, 0, 0, 0]","[0, 0, 0, 0, 0, 0, 0, 0]","[0, 0, 0, 0, 0, 0, 0, 0]",0.0
bernie gray,1,0.0,1.62,16,2,0,0,0,16,2.0,"[0, 0, 1, 0, 0, 0, 1, 0]","[0, 0, 0, 0, 0, 0, 0, 0]","[0, 0, 0, 0, 0, 0, 0, 0]",3.0
bjnath,5,0.0,0.9800000000000001,9,8,0,0,1,9,8.0,"[0, 0, 0, 0, 0, 0, 0, 0]","[0, 0, 0, 0, 0, 0, 0, 0]","[0, 0, 0, 0, 0, 0, 0, 0]",0.0
christos val,1,0.0,0.6000000000000001,6,0,0,0,0,6,0.0,"[0, 0, 0, 0, 0, 0, 0, 0]","[0, 0, 0, 0, 0, 0, 0, 0]","[0, 0, 0, 0, 0, 0, 0, 0]",0.0
cisaacstern,1,0.0,0.0,0,0,0,0,0,0,0.0,"[0, 0, 0, 0, 0, 0, 0, 0]","[0, 0, 0, 0, 0, 0, 0, 0]","[0, 0, 0, 0, 0, 0, 0, 0]",0.0
czgdp1807,66,0.0,78.48,737,478,3,3,58,681,446.0,"[17, 0, 0, 6, 29, 0, 73, 4]","[0, 0, 0, 0, 3, 0, 0, 0]","[0, 0, 3, 0, 0, 0, 0, 0]",48.83974358974359
daaawx,1,0.0,2.31,21,21,0,0,0,21,21.0,"[0, 0, 0, 0, 0, 0, 0, 0]","[0, 0, 0, 0, 0, 0, 0, 0]","[0, 0, 0, 0, 0, 0, 0, 0]",0.0
danbeibei,1,0.0,0.8500000000000001,8,5,0,0,0,8,4.0,"[0, 0, 0, 0, 0, 0, 0, 0]","[0, 0, 0, 0, 0, 0, 0, 0]","[0, 0, 0, 0, 0, 0, 0, 0]",0.0
danielhrisca,1,0.0,1.78,16,18,0,0,0,16,18.0,"[0, 0, 0, 0, 0, 0, 0, 0]","[0, 0, 0, 0, 0, 0, 0, 0]","[0, 0, 0, 0, 0, 0, 0, 0]",2.0
david-cortes,1,0.0,0.0,0,0,0,0,0,0,0.0,"[0, 0, 0, 0, 0, 0, 0, 0]","[0, 0, 0, 0, 0, 0, 0, 0]","[0, 0, 0, 0, 0, 0, 0, 0]",0.0
davidedalbosco,1,0.0,0.6500000000000001,6,5,0,0,0,6,5.0,"[0, 0, 0, 0, 0, 0, 0, 0]","[0, 0, 0, 0, 0, 0, 0, 0]","[0, 0, 0, 0, 0, 0, 0, 0]",0.0
default-303,12,0.0,4.0600000000000005,34,66,0,0,10,25,51.0,"[4, 0, 0, 0, 0, 0, 3, 0]","[0, 0, 0, 0, 0, 0, 0, 0]","[0, 0, 0, 0, 0, 0, 0, 0]",6.9
dependabot-preview[bot],98,0.0,0.0,0,0,0,0,0,0,0.0,"[0, 0, 0, 0, 0, 0, 0, 0]","[0, 0, 0, 0, 0, 0, 0, 0]","[0, 0, 0, 0, 0, 0, 0, 0]",0.0
dependabot[bot],43,0.0,0.0,0,0,0,0,0,0,0.0,"[0, 0, 0, 0, 0, 0, 0, 0]","[0, 0, 0, 0, 0, 0, 0, 0]","[0, 0, 0, 0, 0, 0, 0, 0]",0.0
dojafrat,2,0.0,6.13,61,3,1,0,0,61,3.0,"[0, 0, 0, 0, 1, 0, 1, 0]","[0, 0, 0, 0, 1, 0, 0, 0]","[0, 0, 0, 0, 0, 0, 0, 0]",2.0
dpitch40,1,0.0,0.0,0,0,0,0,0,0,0.0,"[0, 0, 0, 0, 0, 0, 0, 0]","[0, 0, 0, 0, 0, 0, 0, 0]","[0, 0, 0, 0, 0, 0, 0, 0]",0.0
drhpc,1,0.0,4.9,49,0,0,0,4,45,0.0,"[0, 0, 0, 0, 0, 0, 2, 0]","[0, 0, 0, 0, 0, 0, 0, 0]","[0, 0, 0, 0, 0, 0, 0, 0]",2.7857142857142856
drosin,1,0.0,1.74,11,64,0,0,1,10,63.0,"[0, 0, 0, 0, 0, 0, 0, 0]","[0, 0, 0, 0, 0, 0, 0, 0]","[0, 0, 0, 0, 0, 0, 0, 0]",0.0
dustanlevenstein,1,0.0,8.360000000000001,82,16,0,0,0,82,16.0,"[0, 0, 0, 0, 0, 0, 0, 0]","[0, 0, 0, 0, 0, 0, 0, 0]","[0, 0, 0, 0, 0, 0, 0, 0]",0.0
endolith,1,0.0,0.0,0,0,0,0,0,0,0.0,"[0, 0, 0, 0, 0, 0, 0, 0]","[0, 0, 0, 0, 0, 0, 0, 0]","[0, 0, 0, 0, 0, 0, 0, 0]",0.0
eskild,3,0.0,0.0,0,0,0,0,0,0,0.0,"[0, 0, 0, 0, 0, 0, 0, 0]","[0, 0, 0, 0, 0, 0, 0, 0]","[0, 0, 0, 0, 0, 0, 0, 0]",0.0
forfun,1,0.0,0.0,0,0,0,0,0,0,0.0,"[0, 0, 0, 0, 0, 0, 0, 0]","[0, 0, 0, 0, 0, 0, 0, 0]","[0, 0, 0, 0, 0, 0, 0, 0]",0.0
gamboon,1,0.0,0.0,0,0,0,0,0,0,0.0,"[0, 0, 0, 0, 0, 0, 0, 0]","[0, 0, 0, 0, 0, 0, 0, 0]","[0, 0, 0, 0, 0, 0, 0, 0]",0.0
h6197627,2,0.0,0.54,4,14,0,0,1,4,14.0,"[0, 0, 0, 0, 0, 0, 0, 0]","[0, 0, 0, 0, 0, 0, 0, 0]","[0, 0, 0, 0, 0, 0, 0, 0]",3.0
hippo91,1,0.0,0.0,0,0,0,0,0,0,0.0,"[0, 0, 0, 0, 0, 0, 0, 0]","[0, 0, 0, 0, 0, 0, 0, 0]","[0, 0, 0, 0, 0, 0, 0, 0]",0.0
i-shenl,1,0.0,0.11,1,1,0,0,0,1,1.0,"[0, 0, 0, 0, 0, 0, 0, 0]","[0, 0, 0, 0, 0, 0, 0, 0]","[0, 0, 0, 0, 0, 0, 0, 0]",0.0
iameskild,3,0.0,0.8400000000000001,8,4,0,0,0,8,4.0,"[0, 0, 0, 0, 0, 0, 0, 0]","[0, 0, 0, 0, 0, 0, 0, 0]","[0, 0, 0, 0, 0, 0, 0, 0]",0.0
iamsoto,2,0.0,2.08,20,8,0,0,0,20,8.0,"[0, 0, 0, 0, 0, 0, 0, 0]","[0, 0, 0, 0, 0, 0, 0, 0]","[0, 0, 0, 0, 0, 0, 0, 0]",0.0
isabela-pf,5,0.0,0.19999999999999998,0,0,0,0,0,0,0.0,"[0, 0, 0, 0, 0, 0, 0, 0]","[0, 0, 0, 0, 0, 0, 0, 0]","[0, 0, 0, 0, 0, 0, 0, 0]",0.0
jakirkham,1,0.0,0.0,0,0,0,0,0,0,0.0,"[0, 0, 0, 0, 0, 0, 0, 0]","[0, 0, 0, 0, 0, 0, 0, 0]","[0, 0, 0, 0, 0, 0, 0, 0]",2.0
jakobjakobson13,10,0.0,10.940000000000001,99,104,0,0,0,99,103.0,"[7, 0, 0, 0, 0, 0, 1, 0]","[0, 0, 0, 0, 0, 0, 0, 0]","[0, 0, 0, 0, 0, 0, 0, 0]",8.666666666666666
jbCodeHub,1,0.0,3.4000000000000004,34,0,0,0,5,29,0.0,"[2, 0, 0, 0, 0, 0, 0, 0]","[0, 0, 0, 0, 0, 0, 0, 0]","[0, 0, 0, 0, 0, 0, 0, 0]",3.0
jbrockmendel,8,0.0,16.27,161,17,0,0,10,152,16.0,"[0, 0, 0, 0, 0, 0, 0, 0]","[0, 0, 0, 0, 0, 0, 0, 0]","[0, 0, 0, 0, 0, 0, 0, 0]",5.0
jessijzhao,1,0.0,0.0,0,0,0,0,0,0,0.0,"[0, 0, 0, 0, 0, 0, 0, 0]","[0, 0, 0, 0, 0, 0, 0, 0]","[0, 0, 0, 0, 0, 0, 0, 0]",0.0
johnthagen,1,0.0,0.11,1,1,0,0,0,1,1.0,"[0, 0, 0, 0, 0, 0, 0, 0]","[0, 0, 0, 0, 0, 0, 0, 0]","[0, 0, 0, 0, 0, 0, 0, 0]",0.0
kai-striega,3,0.0,0.53,5,3,0,0,0,5,3.0,"[0, 0, 0, 0, 0, 0, 0, 0]","[0, 0, 0, 0, 0, 0, 0, 0]","[0, 0, 0, 0, 0, 0, 0, 0]",0.0
karan-dhir,1,0.0,0.22,2,2,0,0,0,2,2.0,"[0, 0, 0, 0, 0, 0, 0, 0]","[0, 0, 0, 0, 0, 0, 0, 0]","[0, 0, 0, 0, 0, 0, 0, 0]",0.0
keremh,3,0.0,1.54,14,14,0,0,0,14,14.0,"[0, 0, 0, 0, 0, 0, 0, 0]","[0, 0, 0, 0, 0, 0, 0, 0]","[0, 0, 0, 0, 0, 0, 0, 0]",0.0
khuynh,1,0.0,0.0,0,0,0,0,0,0,0.0,"[0, 0, 0, 0, 0, 0, 0, 0]","[0, 0, 0, 0, 0, 0, 0, 0]","[0, 0, 0, 0, 0, 0, 0, 0]",0.0
kishimoto-banana,1,0.0,0.0,0,0,0,0,0,0,0.0,"[0, 0, 0, 0, 0, 0, 0, 0]","[0, 0, 0, 0, 0, 0, 0, 0]","[0, 0, 0, 0, 0, 0, 0, 0]",0.0
kumudlakara,1,0.0,3.7299999999999995,37,3,3,0,0,37,3.0,"[0, 0, 0, 0, 0, 0, 0, 0]","[0, 0, 0, 0, 3, 0, 0, 0]","[0, 0, 0, 0, 0, 0, 0, 0]",3.0
lalitmusmade,1,0.0,0.22,2,2,0,0,0,2,2.0,"[0, 0, 0, 0, 0, 0, 0, 0]","[0, 0, 0, 0, 0, 0, 0, 0]","[0, 0, 0, 0, 0, 0, 0, 0]",0.0
lbogula,1,0.0,0.11,1,1,0,0,0,1,1.0,"[0, 0, 0, 0, 0, 0, 0, 0]","[0, 0, 0, 0, 0, 0, 0, 0]","[0, 0, 0, 0, 0, 0, 0, 0]",0.0
leakec,1,0.0,0.0,0,0,0,0,0,0,0.0,"[0, 0, 0, 0, 0, 0, 0, 0]","[0, 0, 0, 0, 0, 0, 0, 0]","[0, 0, 0, 0, 0, 0, 0, 0]",0.0
leeyspaul,1,0.0,0.07,0,0,0,0,0,0,0.0,"[0, 0, 0, 0, 0, 0, 0, 0]","[0, 0, 0, 0, 0, 0, 0, 0]","[0, 0, 0, 0, 0, 0, 0, 0]",0.0
legoffant,1,0.0,0.0,0,0,0,0,0,0,0.0,"[0, 0, 0, 0, 0, 0, 0, 0]","[0, 0, 0, 0, 0, 0, 0, 0]","[0, 0, 0, 0, 0, 0, 0, 0]",0.0
leonarduschen,1,0.0,0.1,1,0,0,0,0,1,0.0,"[0, 0, 0, 0, 0, 0, 0, 0]","[0, 0, 0, 0, 0, 0, 0, 0]","[0, 0, 0, 0, 0, 0, 0, 0]",0.0
lkdmttg7,1,0.0,0.52,5,2,0,0,0,5,2.0,"[0, 0, 0, 0, 0, 0, 0, 0]","[0, 0, 0, 0, 0, 0, 0, 0]","[0, 0, 0, 0, 0, 0, 0, 0]",1.0
m-podhajski,1,0.0,7.99,72,79,0,0,9,63,66.0,"[0, 0, 0, 0, 0, 0, 1, 0]","[0, 0, 0, 0, 0, 0, 0, 0]","[0, 0, 0, 0, 0, 0, 0, 0]",2.0
madhulikajc,1,0.0,12.14,121,4,3,0,6,115,3.0,"[0, 0, 0, 0, 4, 0, 3, 0]","[0, 0, 0, 0, 3, 0, 0, 0]","[0, 0, 0, 0, 0, 0, 0, 0]",2.313725490196078
marload,6,0.0,1.6400000000000001,15,14,0,0,0,15,14.0,"[3, 0, 0, 0, 0, 0, 0, 0]","[0, 0, 0, 0, 0, 0, 0, 0]","[0, 0, 0, 0, 0, 0, 0, 0]",5.0
matt,1,0.0,0.0,0,0,0,0,0,0,0.0,"[0, 0, 0, 0, 0, 0, 0, 0]","[0, 0, 0, 0, 0, 0, 0, 0]","[0, 0, 0, 0, 0, 0, 0, 0]",0.0
mattharrigan,1,0.0,3.41,34,1,0,1,3,31,1.0,"[0, 0, 0, 0, 3, 0, 0, 0]","[0, 0, 0, 0, 0, 0, 0, 0]","[0, 0, 1, 0, 0, 0, 0, 0]",2.526315789473684
mattip,185,0.0,100.52000000000001,919,861,7,0,75,857,764.0,"[3, 1, 0, 1, 24, 0, 46, 0]","[0, 0, 0, 0, 7, 0, 0, 0]","[0, 0, 0, 0, 0, 0, 0, 0]",72.69563529680164
mayeut,1,0.0,0.0,0,0,0,0,0,0,0.0,"[0, 0, 0, 0, 0, 0, 0, 0]","[0, 0, 0, 0, 0, 0, 0, 0]","[0, 0, 0, 0, 0, 0, 0, 0]",0.0
mckib2,1,0.0,1.01,10,1,0,0,1,9,1.0,"[0, 0, 0, 0, 0, 0, 3, 0]","[0, 0, 0, 0, 0, 0, 0, 0]","[0, 0, 0, 0, 0, 0, 0, 0]",1.0
mdubravski,10,0.0,2.25,21,15,0,0,0,21,15.0,"[0, 0, 0, 0, 0, 0, 1, 0]","[0, 0, 0, 0, 0, 0, 0, 0]","[0, 0, 0, 0, 0, 0, 0, 0]",5.0
melissawm,24,0.0,17.91,174,50,0,0,4,174,50.0,"[0, 0, 0, 0, 0, 0, 0, 0]","[0, 0, 0, 0, 0, 0, 0, 0]","[0, 0, 0, 0, 0, 0, 0, 0]",0.0
mitch,1,0.0,0.0,0,0,0,0,0,0,0.0,"[0, 0, 0, 0, 0, 0, 0, 0]","[0, 0, 0, 0, 0, 0, 0, 0]","[0, 0, 0, 0, 0, 0, 0, 0]",0.0
mrios,2,0.0,0.4,4,0,1,0,0,4,0.0,"[0, 0, 0, 0, 0, 0, 1, 0]","[0, 0, 0, 0, 1, 0, 0, 0]","[0, 0, 0, 0, 0, 0, 0, 0]",3.0
ndunnewind,1,0.0,0.0,0,0,0,0,0,0,0.0,"[0, 0, 0, 0, 0, 0, 0, 0]","[0, 0, 0, 0, 0, 0, 0, 0]","[0, 0, 0, 0, 0, 0, 0, 0]",0.0
nglinh,1,0.0,0.11,1,1,0,0,0,1,1.0,"[0, 0, 0, 0, 0, 0, 0, 0]","[0, 0, 0, 0, 0, 0, 0, 0]","[0, 0, 0, 0, 0, 0, 0, 0]",0.0
panpiort8,2,0.0,1.2000000000000002,12,0,0,0,2,10,0.0,"[0, 0, 0, 0, 0, 0, 0, 0]","[0, 0, 0, 0, 0, 0, 0, 0]","[0, 0, 0, 0, 0, 0, 0, 0]",3.0
peterbell10,1,0.0,1.85,17,15,0,0,1,16,15.0,"[2, 0, 0, 0, 0, 0, 1, 0]","[0, 0, 0, 0, 0, 0, 0, 0]","[0, 0, 0, 0, 0, 0, 0, 0]",3.0
pmav99,1,0.0,0.22,2,2,0,0,0,2,2.0,"[0, 0, 0, 0, 0, 0, 0, 0]","[0, 0, 0, 0, 0, 0, 0, 0]","[0, 0, 0, 0, 0, 0, 0, 0]",0.0
prateek arora,1,0.0,0.0,0,0,0,0,0,0,0.0,"[0, 0, 0, 0, 0, 0, 0, 0]","[0, 0, 0, 0, 0, 0, 0, 0]","[0, 0, 0, 0, 0, 0, 0, 0]",0.0
przemb,3,0.0,0.33,3,3,0,0,0,3,3.0,"[0, 0, 0, 0, 0, 0, 0, 0]","[0, 0, 0, 0, 0, 0, 0, 0]","[0, 0, 0, 0, 0, 0, 0, 0]",3.0
qiyu8,8,0.0,6.12,58,32,0,1,12,46,24.0,"[0, 0, 0, 0, 1, 0, 0, 0]","[0, 0, 0, 0, 0, 0, 0, 0]","[0, 0, 1, 0, 0, 0, 0, 0]",3.0
raisinghanii,1,0.0,0.44,4,4,0,0,0,4,4.0,"[0, 0, 0, 0, 0, 0, 0, 0]","[0, 0, 0, 0, 0, 0, 0, 0]","[0, 0, 0, 0, 0, 0, 0, 0]",0.0
royjacobson,1,0.0,2.12,21,2,0,0,0,21,2.0,"[0, 0, 0, 0, 0, 0, 0, 0]","[0, 0, 0, 0, 0, 0, 0, 0]","[0, 0, 0, 0, 0, 0, 0, 0]",0.0
rubiales,4,0.0,0.8600000000000001,8,6,0,0,0,8,6.0,"[0, 0, 0, 0, 0, 0, 0, 0]","[0, 0, 0, 0, 0, 0, 0, 0]","[0, 0, 0, 0, 0, 0, 0, 0]",2.5
sayantikabanik,1,0.0,0.0,0,0,0,0,0,0,0.0,"[0, 0, 0, 0, 0, 0, 0, 0]","[0, 0, 0, 0, 0, 0, 0, 0]","[0, 0, 0, 0, 0, 0, 0, 0]",0.0
scimax,7,0.0,5.95,56,35,0,0,6,51,35.0,"[0, 0, 0, 0, 0, 0, 2, 0]","[0, 0, 0, 0, 0, 0, 0, 0]","[0, 0, 0, 0, 0, 0, 0, 0]",3.0
scoder,1,0.0,0.11,1,1,0,0,0,1,1.0,"[0, 0, 0, 0, 0, 0, 0, 0]","[0, 0, 0, 0, 0, 0, 0, 0]","[0, 0, 0, 0, 0, 0, 0, 0]",0.0
serge-sans-paille,6,0.0,12.310000000000002,116,71,1,0,2,114,71.0,"[0, 0, 0, 0, 5, 0, 1, 0]","[0, 0, 0, 0, 1, 0, 0, 0]","[0, 0, 0, 0, 0, 0, 0, 0]",0.9894366197183098
sfolje0,1,0.0,0.0,0,0,0,0,0,0,0.0,"[0, 0, 0, 0, 0, 0, 0, 0]","[0, 0, 0, 0, 0, 0, 0, 0]","[0, 0, 0, 0, 0, 0, 0, 0]",0.0
sgasse,2,0.0,1.7100000000000004,17,1,0,0,6,11,1.0,"[0, 0, 0, 0, 0, 0, 0, 0]","[0, 0, 0, 0, 0, 0, 0, 0]","[0, 0, 0, 0, 0, 0, 0, 0]",5.0
shreepads,1,0.0,0.0,0,0,0,0,0,0,0.0,"[0, 0, 0, 0, 0, 0, 0, 0]","[0, 0, 0, 0, 0, 0, 0, 0]","[0, 0, 0, 0, 0, 0, 0, 0]",0.0
shubham11941140,1,0.0,2.09,19,19,0,0,1,18,18.0,"[0, 0, 0, 0, 0, 0, 0, 0]","[0, 0, 0, 0, 0, 0, 0, 0]","[0, 0, 0, 0, 0, 0, 0, 0]",0.0
skywalker,1,0.0,0.4,4,0,0,0,0,4,0.0,"[0, 0, 0, 0, 0, 0, 0, 0]","[0, 0, 0, 0, 0, 0, 0, 0]","[0, 0, 0, 0, 0, 0, 0, 0]",0.0
slepton,11,0.0,3.91,37,21,0,0,0,37,21.0,"[0, 0, 0, 4, 0, 0, 0, 0]","[0, 0, 0, 0, 0, 0, 0, 0]","[0, 0, 0, 0, 0, 0, 0, 0]",2.6666666666666665
slowy07,1,0.0,0.11,1,1,0,0,1,0,0.0,"[0, 0, 0, 0, 0, 0, 0, 0]","[0, 0, 0, 0, 0, 0, 0, 0]","[0, 0, 0, 0, 0, 0, 0, 0]",0.0
sslivkoff,1,0.0,6.109999999999999,60,11,0,0,6,54,11.0,"[9, 0, 0, 0, 0, 0, 6, 0]","[0, 0, 0, 0, 0, 0, 0, 0]","[0, 0, 0, 0, 0, 0, 0, 0]",2.9310344827586206
stphnlyd,1,0.0,0.0,0,0,0,0,0,0,0.0,"[0, 0, 0, 0, 0, 0, 0, 0]","[0, 0, 0, 0, 0, 0, 0, 0]","[0, 0, 0, 0, 0, 0, 0, 0]",0.0
stuartarchibald,1,0.0,1.2800000000000002,12,8,0,0,2,10,7.0,"[0, 0, 0, 0, 0, 0, 0, 0]","[0, 0, 0, 0, 0, 0, 0, 0]","[0, 0, 0, 0, 0, 0, 0, 0]",0.0
szsdk,2,0.0,0.0,0,0,0,0,0,0,0.0,"[0, 0, 0, 0, 0, 0, 0, 0]","[0, 0, 0, 0, 0, 0, 0, 0]","[0, 0, 0, 0, 0, 0, 0, 0]",0.0
tabhi0797,2,0.0,1.31,12,11,0,0,0,12,11.0,"[0, 0, 0, 0, 0, 0, 0, 0]","[0, 0, 0, 0, 0, 0, 0, 0]","[0, 0, 0, 0, 0, 0, 0, 0]",1.0
takanori-pskq,33,0.0,2.87,27,17,0,0,5,22,17.0,"[0, 0, 0, 0, 0, 0, 0, 0]","[0, 0, 0, 0, 0, 0, 0, 0]","[0, 0, 0, 0, 0, 0, 0, 0]",0.0
tautaus,1,0.0,0.66,6,6,0,0,0,6,6.0,"[0, 0, 0, 0, 0, 0, 0, 0]","[0, 0, 0, 0, 0, 0, 0, 0]","[0, 0, 0, 0, 0, 0, 0, 0]",0.0
tech-gian,1,0.0,0.0,0,0,0,0,0,0,0.0,"[0, 0, 0, 0, 0, 0, 0, 0]","[0, 0, 0, 0, 0, 0, 0, 0]","[0, 0, 0, 0, 0, 0, 0, 0]",0.0
theoniko,1,0.0,0.0,0,0,0,0,0,0,0.0,"[0, 0, 0, 0, 0, 0, 0, 0]","[0, 0, 0, 0, 0, 0, 0, 0]","[0, 0, 0, 0, 0, 0, 0, 0]",1.0
tirthasheshpatel,1,0.0,4.720000000000001,46,12,0,0,2,45,12.0,"[2, 0, 3, 0, 7, 0, 1, 0]","[0, 0, 0, 0, 0, 0, 0, 0]","[0, 0, 0, 0, 0, 0, 0, 0]",3.0
vinith2,1,0.0,0.7100000000000001,7,1,0,0,0,7,1.0,"[0, 0, 0, 0, 0, 0, 0, 0]","[0, 0, 0, 0, 0, 0, 0, 0]","[0, 0, 0, 0, 0, 0, 0, 0]",0.0
vorfol,1,0.0,0.0,0,0,0,0,0,0,0.0,"[0, 0, 0, 0, 0, 0, 0, 0]","[0, 0, 0, 0, 0, 0, 0, 0]","[0, 0, 0, 0, 0, 0, 0, 0]",0.0
vrakesh,3,0.0,3.1300000000000003,31,3,0,0,0,31,3.0,"[3, 0, 0, 0, 0, 0, 1, 0]","[0, 0, 0, 0, 0, 0, 0, 0]","[0, 0, 0, 0, 0, 0, 0, 0]",6.333333333333333
warren,21,0.0,15.71,154,31,2,0,14,142,31.0,"[3, 0, 0, 0, 1, 0, 7, 0]","[0, 0, 0, 0, 2, 0, 0, 0]","[0, 0, 0, 0, 0, 0, 0, 0]",17.743230442216163
xamm,4,0.0,1.3300000000000003,13,3,0,0,0,13,3.0,"[0, 0, 0, 0, 0, 0, 0, 0]","[0, 0, 0, 0, 0, 0, 0, 0]","[0, 0, 0, 0, 0, 0, 0, 0]",0.0
xoviat,1,0.0,0.11,1,1,0,0,0,1,1.0,"[0, 0, 0, 0, 0, 0, 0, 0]","[0, 0, 0, 0, 0, 0, 0, 0]","[0, 0, 0, 0, 0, 0, 0, 0]",0.0
yan,1,0.0,0.0,0,0,0,0,0,0,0.0,"[0, 0, 0, 0, 0, 0, 0, 0]","[0, 0, 0, 0, 0, 0, 0, 0]","[0, 0, 0, 0, 0, 0, 0, 0]",0.0
yetanothercheer,1,0.0,0.0,0,0,0,0,0,0,0.0,"[0, 0, 0, 0, 0, 0, 0, 0]","[0, 0, 0, 0, 0, 0, 0, 0]","[0, 0, 0, 0, 0, 0, 0, 0]",0.0
zoj,3,0.0,0.0,0,0,0,0,0,0,0.0,"[0, 0, 0, 0, 0, 0, 0, 0]","[0, 0, 0, 0, 0, 0, 0, 0]","[0, 0, 0, 0, 0, 0, 0, 0]",0.0
zolboo1024,1,0.0,0.7400000000000001,7,4,0,0,0,7,4.0,"[0, 0, 0, 0, 0, 0, 0, 0]","[0, 0, 0, 0, 0, 0, 0, 0]","[0, 0, 0, 0, 0, 0, 0, 0]",0.0
傅立业（Chris Fu）,1,0.0,0.0,0,0,0,0,0,0,0.0,"[0, 0, 0, 0, 0, 0, 0, 0]","[0, 0, 0, 0, 0, 0, 0, 0]","[0, 0, 0, 0, 0, 0, 0, 0]",0.0
谭九鼎,1,0.0,0.0,0,0,0,0,0,0,0.0,"[0, 0, 0, 0, 0, 0, 0, 0]","[0, 0, 0, 0, 0, 0, 0, 0]","[0, 0, 0, 0, 0, 0, 0, 0]",0.0
